label,x0,y0,z0,x1,y1,z1,x2,y2,z2,x3,y3,z3,x4,y4,z4,x5,y5,z5,x6,y6,z6,x7,y7,z7,x8,y8,z8,x9,y9,z9,x10,y10,z10,x11,y11,z11,x12,y12,z12,x13,y13,z13,x14,y14,z14,x15,y15,z15,x16,y16,z16,x17,y17,z17,x18,y18,z18,x19,y19,z19,x20,y20,z20
hello,0.40753284096717834,0.8743193745613098,-7.739416219010309e-08,0.34745246171951294,0.825334370136261,-0.034375421702861786,0.3155118525028229,0.756622314453125,-0.06135541573166847,0.33780309557914734,0.707685649394989,-0.09010809659957886,0.37580692768096924,0.6811150908470154,-0.11806301027536392,0.3516642153263092,0.5915448665618896,-0.03872011974453926,0.34272053837776184,0.4634447693824768,-0.07613783329725266,0.3444752097129822,0.38578248023986816,-0.09986074268817902,0.347121000289917,0.3187282383441925,-0.11587400734424591,0.4021626114845276,0.609774112701416,-0.04432627558708191,0.41082093119621277,0.5703948736190796,-0.11219481378793716,0.3966563940048218,0.6557356715202332,-0.1319708377122879,0.3785577714443207,0.7290584444999695,-0.12811118364334106,0.4450453817844391,0.6392343044281006,-0.05369323492050171,0.44556882977485657,0.6435458064079285,-0.11399354785680771,0.42290690541267395,0.7294487953186035,-0.11060383915901184,0.4001065790653229,0.7899468541145325,-0.09047291427850723,0.48062950372695923,0.6783207654953003,-0.06627052277326584,0.4822487235069275,0.6763953566551208,-0.10257068276405334,0.46027612686157227,0.7382431626319885,-0.0949728712439537,0.4367765784263611,0.7837716937065125,-0.07794613391160965
thanks,0.453919917345047,0.8974573016166687,9.900610393742681e-07,0.39930978417396545,0.8625996112823486,-0.04193532094359398,0.3648862838745117,0.7978534698486328,-0.06828325241804123,0.3963671028614044,0.7615777850151062,-0.09384485334157944,0.4405943751335144,0.7357631325721741,-0.11728677153587341,0.37809836864471436,0.6194599270820618,-0.04981917515397072,0.3546583950519562,0.4988554120063782,-0.0844043716788292,0.34362342953681946,0.4218539595603943,-0.10355490446090698,0.336147665977478,0.35551339387893677,-0.11420509964227676,0.4323188066482544,0.6177244782447815,-0.053740695118904114,0.4434116780757904,0.48752421140670776,-0.08947958797216415,0.4545227289199829,0.3997003138065338,-0.10763143748044968,0.46421968936920166,0.32366642355918884,-0.11426845192909241,0.4777669310569763,0.6488590240478516,-0.06211576610803604,0.4865877330303192,0.6353272199630737,-0.11000580340623856,0.4679895043373108,0.7180725336074829,-0.11610209196805954,0.45483797788619995,0.7758681774139404,-0.10483604669570923,0.5119537115097046,0.6963625550270081,-0.07407039403915405,0.5103573799133301,0.7004637122154236,-0.10937497019767761,0.48964619636535645,0.7614121437072754,-0.10715684294700623,0.47297874093055725,0.8051550984382629,-0.09560330957174301
hello,0.4113840162754059,1.0485467910766602,-1.8820732350377511e-07,0.3658597469329834,1.0089924335479736,-0.038061924278736115,0.33875948190689087,0.952602207660675,-0.0683923289179802,0.3557091951370239,0.9177258610725403,-0.09876644611358643,0.40054023265838623,0.903101921081543,-0.12754692137241364,0.37766584753990173,0.7812623977661133,-0.052986375987529755,0.3863729238510132,0.6614103317260742,-0.09219702333211899,0.3974974453449249,0.5874000787734985,-0.11597292125225067,0.40972739458084106,0.5274080038070679,-0.13143394887447357,0.42817431688308716,0.7865995168685913,-0.053720101714134216,0.43148115277290344,0.8202014565467834,-0.11514509469270706,0.4127814471721649,0.8967680931091309,-0.13111568987369537,0.39758041501045227,0.9464113116264343,-0.12785457074642181,0.47041788697242737,0.8163952231407166,-0.057821087539196014,0.46103328466415405,0.8821398615837097,-0.10592750459909439,0.43954896926879883,0.9462742209434509,-0.09894228726625443,0.42514359951019287,0.9796217083930969,-0.08105368167161942,0.5049533247947693,0.8584437370300293,-0.06683091819286346,0.4957379698753357,0.9170047044754028,-0.0944165512919426,0.47013354301452637,0.963009774684906,-0.08814416080713272,0.4510268270969391,0.9848648905754089,-0.0737927034497261
hello,0.3229125142097473,0.9205702543258667,4.508205808662069e-09,0.2727983295917511,0.8726410269737244,-0.043137505650520325,0.2397245168685913,0.821456253528595,-0.07927888631820679,0.25588732957839966,0.7988766431808472,-0.11649065464735031,0.29791539907455444,0.782619833946228,-0.1533457338809967,0.2954924404621124,0.6280034184455872,-0.06413047015666962,0.2976013422012329,0.48226267099380493,-0.11247412860393524,0.3065182566642761,0.39668676257133484,-0.13965241611003876,0.3156328499317169,0.3204878866672516,-0.1567312479019165,0.35700666904449463,0.6390860080718994,-0.06806690990924835,0.3613404929637909,0.6113813519477844,-0.1443074643611908,0.3391827940940857,0.6964507699012756,-0.16462527215480804,0.31481221318244934,0.7686182856559753,-0.1598513275384903,0.40705904364585876,0.6746819615364075,-0.07567249983549118,0.39697572588920593,0.7288182377815247,-0.1443985253572464,0.35733067989349365,0.8312700390815735,-0.1407681405544281,0.3232416808605194,0.9016391038894653,-0.11845611780881882,0.44554686546325684,0.7279592156410217,-0.0874144434928894,0.4328627288341522,0.7899031639099121,-0.13202252984046936,0.39115265011787415,0.8621989488601685,-0.12874643504619598,0.3557211756706238,0.9093561172485352,-0.11257229745388031
thanks,0.2826641798019409,0.9943110942840576,1.3133612810634077e-06,0.22732292115688324,0.9582908153533936,-0.047288306057453156,0.18490423262119293,0.9139424562454224,-0.08698967844247818,0.2003459483385086,0.9078139662742615,-0.12716107070446014,0.24911324679851532,0.8978523015975952,-0.16546832025051117,0.22078874707221985,0.7004110813140869,-0.07985655218362808,0.20172610878944397,0.5578817129135132,-0.12846451997756958,0.19310671091079712,0.46893444657325745,-0.15061229467391968,0.1909644901752472,0.3877873122692108,-0.16172990202903748,0.29038920998573303,0.6934269666671753,-0.08737044781446457,0.3190351724624634,0.56691974401474,-0.14049644768238068,0.34351012110710144,0.4745055139064789,-0.16335226595401764,0.3665844798088074,0.39238157868385315,-0.1696375608444214,0.3444473147392273,0.727826714515686,-0.09847714751958847,0.3406175971031189,0.796978235244751,-0.15966777503490448,0.29649996757507324,0.9036610126495361,-0.1664530336856842,0.2677367031574249,0.9714868068695068,-0.1517311930656433,0.38191285729408264,0.7858169674873352,-0.11372794955968857,0.36278781294822693,0.8701810836791992,-0.1542297750711441,0.3219912350177765,0.9476001262664795,-0.15257209539413452,0.2921239137649536,0.9976518154144287,-0.13926881551742554
yes,0.38042527437210083,0.9867550134658813,8.766106134316942e-07,0.31617894768714905,0.9538586139678955,-0.06338192522525787,0.2720406651496887,0.8887672424316406,-0.0986991822719574,0.3242954909801483,0.8558253049850464,-0.12538263201713562,0.40308335423469543,0.824988067150116,-0.15379562973976135,0.2795828878879547,0.6437374353408813,-0.07359416037797928,0.24284878373146057,0.48178237676620483,-0.10623589158058167,0.2227310985326767,0.3800434470176697,-0.12730038166046143,0.20687562227249146,0.28862589597702026,-0.1459546685218811,0.34805673360824585,0.6184718608856201,-0.07851777225732803,0.34284934401512146,0.441118061542511,-0.10351715981960297,0.3464623987674713,0.32639333605766296,-0.1267208606004715,0.35103708505630493,0.22715041041374207,-0.14547552168369293,0.4029386043548584,0.6507956981658936,-0.09009607136249542,0.43406757712364197,0.5304397344589233,-0.13435402512550354,0.4521178603172302,0.43037089705467224,-0.1776670515537262,0.4697936475276947,0.33539295196533203,-0.21014785766601562,0.4500257670879364,0.7205581068992615,-0.10554081201553345,0.44305068254470825,0.7258791327476501,-0.16393041610717773,0.42519688606262207,0.7961194515228271,-0.18819281458854675,0.41304269433021545,0.8541893362998962,-0.2035788893699646
hello,0.41462579369544983,0.9250004291534424,-9.68634239484345e-08,0.48606276512145996,0.8612638711929321,-0.05820197984576225,0.5468661785125732,0.719054102897644,-0.08340264856815338,0.5380486845970154,0.5956226587295532,-0.10479652881622314,0.4682523310184479,0.5372584462165833,-0.12200644612312317,0.5044231414794922,0.5380650758743286,-0.05474337935447693,0.5165784955024719,0.34794068336486816,-0.10458438098430634,0.524456262588501,0.23937073349952698,-0.1266324669122696,0.5241370797157288,0.13642078638076782,-0.13991671800613403,0.43521472811698914,0.5448447465896606,-0.05222301930189133,0.43754324316978455,0.5255188941955566,-0.12499439716339111,0.4446108043193817,0.6695228815078735,-0.12884582579135895,0.4475199282169342,0.7064084410667419,-0.11424142122268677,0.37183523178100586,0.572715699672699,-0.05751398950815201,0.37116947770118713,0.5796909332275391,-0.13640035688877106,0.39259570837020874,0.7101161479949951,-0.11594060063362122,0.40148115158081055,0.7283120155334473,-0.08286146074533463,0.3113826811313629,0.6112133860588074,-0.06771847605705261,0.31715714931488037,0.6168897151947021,-0.11498524248600006,0.3431186079978943,0.7065442800521851,-0.09405999630689621,0.3504469394683838,0.7292536497116089,-0.06603922694921494
thanks,0.42963820695877075,0.913834810256958,1.222020955538028e-06,0.4980891942977905,0.8467614650726318,-0.06681361049413681,0.5255810022354126,0.7041037082672119,-0.09458979964256287,0.4806697368621826,0.5787919759750366,-0.11972607672214508,0.4166531562805176,0.4899440407752991,-0.14078132808208466,0.538495659828186,0.5215734243392944,-0.04534042626619339,0.6004912257194519,0.3550146818161011,-0.09134845435619354,0.6370526552200317,0.2502485513687134,-0.11946635693311691,0.6658616065979004,0.15847238898277283,-0.13501404225826263,0.46631255745887756,0.5066763162612915,-0.045233163982629776,0.46450334787368774,0.31072598695755005,-0.10410013049840927,0.46495428681373596,0.18600600957870483,-0.13901063799858093,0.46413135528564453,0.07816627621650696,-0.15220396220684052,0.40051090717315674,0.5368058681488037,-0.05241350829601288,0.37781986594200134,0.4609322249889374,-0.1431007981300354,0.40377718210220337,0.5947258472442627,-0.15590272843837738,0.41961315274238586,0.6869983077049255,-0.13474343717098236,0.34438368678092957,0.5939956903457642,-0.06333941966295242,0.3370155692100525,0.5177217721939087,-0.13466086983680725,0.36438584327697754,0.6130173206329346,-0.13077028095722198,0.3824634552001953,0.6881834864616394,-0.107836052775383
yes,0.42466530203819275,0.9436781406402588,1.266603135263722e-06,0.4937824606895447,0.8871541023254395,-0.09379620850086212,0.5116995573043823,0.7424544095993042,-0.11466888338327408,0.44760745763778687,0.6176550984382629,-0.11361782252788544,0.3749825358390808,0.5425300598144531,-0.1092887595295906,0.5421542525291443,0.5555141568183899,-0.07691588252782822,0.6152486801147461,0.38540107011795044,-0.10381540656089783,0.6545699834823608,0.28972327709198,-0.12477351725101471,0.6885632276535034,0.195031076669693,-0.1397944688796997,0.47030115127563477,0.5362334251403809,-0.05542515963315964,0.5037040114402771,0.3440208435058594,-0.0837085098028183,0.5191949605941772,0.22866758704185486,-0.11059402674436569,0.5360584259033203,0.1277281641960144,-0.1264532059431076,0.4018256366252899,0.5508028268814087,-0.04261147230863571,0.38252148032188416,0.3721249997615814,-0.09933868795633316,0.37143197655677795,0.25591179728507996,-0.14619925618171692,0.3688368797302246,0.14445120096206665,-0.17221756279468536,0.346373975276947,0.6058294177055359,-0.034819815307855606,0.3427750766277313,0.4957844018936157,-0.08751203864812851,0.3511941432952881,0.5783265829086304,-0.09545554220676422,0.3559778034687042,0.6740356683731079,-0.09549369663000107
hello,0.3691745400428772,0.7235820889472961,-1.6948628456248116e-07,0.4566711187362671,0.6613481044769287,-0.04372222349047661,0.514522910118103,0.5274400115013123,-0.05681623890995979,0.49411076307296753,0.4208662509918213,-0.06836595386266708,0.4459935128688812,0.37824350595474243,-0.07915250211954117,0.47557759284973145,0.3957812786102295,-0.0293751023709774,0.48367780447006226,0.23708926141262054,-0.0657191202044487,0.4794774055480957,0.139052152633667,-0.08579135686159134,0.47571003437042236,0.05399253964424133,-0.09926579892635345,0.41114118695259094,0.397859126329422,-0.028200358152389526,0.4088088274002075,0.33659493923187256,-0.10759798437356949,0.4056868255138397,0.4600699543952942,-0.12688545882701874,0.4091380834579468,0.5547786951065063,-0.11694782972335815,0.3535286784172058,0.4123845100402832,-0.032238613814115524,0.34497031569480896,0.37262484431266785,-0.10712260752916336,0.3563022017478943,0.49065569043159485,-0.10035278648138046,0.36985448002815247,0.5706973075866699,-0.07196523249149323,0.29817554354667664,0.4385090172290802,-0.03975921496748924,0.29535216093063354,0.388576865196228,-0.08869528770446777,0.31079891324043274,0.4711776673793793,-0.0807575210928917,0.32599374651908875,0.5308151245117188,-0.059673972427845
hello,0.3667483329772949,0.7220165729522705,-1.6525949320111977e-07,0.4556013345718384,0.6601738929748535,-0.04205268993973732,0.5143349766731262,0.5290001034736633,-0.05489471182227135,0.4947398900985718,0.41932421922683716,-0.06690192967653275,0.44656309485435486,0.37423402070999146,-0.07852771878242493,0.4768279790878296,0.39863520860671997,-0.02687494084239006,0.485361248254776,0.23945197463035583,-0.06270210444927216,0.48058658838272095,0.14061003923416138,-0.08254770934581757,0.4764062166213989,0.05526992678642273,-0.09591849148273468,0.41299208998680115,0.4002162218093872,-0.026383981108665466,0.40993815660476685,0.3350633680820465,-0.10589347779750824,0.40624284744262695,0.4563605785369873,-0.1257229447364807,0.409827321767807,0.5515779256820679,-0.116068035364151,0.3555622696876526,0.41413429379463196,-0.03099263645708561,0.3470136523246765,0.3713033199310303,-0.10597097128629684,0.35742175579071045,0.4881547689437866,-0.0995003804564476,0.37069952487945557,0.5694878101348877,-0.07122167199850082,0.29977425932884216,0.43878233432769775,-0.038925036787986755,0.2969563901424408,0.38571006059646606,-0.0880851075053215,0.3120250701904297,0.46722936630249023,-0.08053934574127197,0.3277078866958618,0.5278511047363281,-0.05972098186612129
hello,0.36253821849823,0.7184181213378906,-1.522875550108438e-07,0.45152798295021057,0.6568750143051147,-0.04318711906671524,0.5102954506874084,0.5271036028862,-0.05689634755253792,0.4904475808143616,0.41699841618537903,-0.06935860961675644,0.440771222114563,0.3694941997528076,-0.08145235478878021,0.471096396446228,0.39623937010765076,-0.02987022139132023,0.47859564423561096,0.23757173120975494,-0.066169872879982,0.4737687110900879,0.13807496428489685,-0.086553655564785,0.4690680205821991,0.05169093608856201,-0.10049843788146973,0.4075193405151367,0.39698636531829834,-0.02881912887096405,0.4031960964202881,0.33330947160720825,-0.10756097733974457,0.3999507427215576,0.45436954498291016,-0.12684011459350586,0.40367791056632996,0.5484901666641235,-0.11742246150970459,0.35021907091140747,0.41101768612861633,-0.032823193818330765,0.34053048491477966,0.3690442442893982,-0.10708896070718765,0.35169655084609985,0.4849724769592285,-0.09982893615961075,0.3654404878616333,0.5651966333389282,-0.07171592861413956,0.29470303654670715,0.4367513358592987,-0.040284790098667145,0.2915944755077362,0.3852243721485138,-0.08968469500541687,0.30704188346862793,0.4668765664100647,-0.08203257620334625,0.3228011727333069,0.5271893739700317,-0.061395544558763504
hello,0.35444191098213196,0.7312437295913696,-1.8370870691342134e-07,0.4424147605895996,0.6671552658081055,-0.04234978184103966,0.5003476142883301,0.535887598991394,-0.05479056388139725,0.4799460768699646,0.4260699450969696,-0.06589370220899582,0.4323676526546478,0.37895146012306213,-0.07632243633270264,0.46207740902900696,0.40460848808288574,-0.027533356100320816,0.46831846237182617,0.24716226756572723,-0.06305566430091858,0.46236592531204224,0.14960834383964539,-0.0826391726732254,0.4568600356578827,0.06457427144050598,-0.0959334746003151,0.39918529987335205,0.40737125277519226,-0.026690328493714333,0.39351242780685425,0.34287339448928833,-0.1037997156381607,0.3915121555328369,0.4649823009967804,-0.12232224643230438,0.3967536389827728,0.5579150915145874,-0.11269470304250717,0.34217703342437744,0.4227859675884247,-0.031078442931175232,0.3311089277267456,0.38042715191841125,-0.10527893900871277,0.3432255983352661,0.4982950985431671,-0.09855861961841583,0.3577314615249634,0.5771711468696594,-0.07071233540773392,0.28647956252098083,0.4493934214115143,-0.03876020014286041,0.28236275911331177,0.3952941298484802,-0.0876566469669342,0.29819589853286743,0.47704124450683594,-0.07994262129068375,0.3139989376068115,0.5360968708992004,-0.0594235397875309
hello,0.3495918810367584,0.7513277530670166,-1.8940168899916898e-07,0.43844372034072876,0.6877900958061218,-0.04388074204325676,0.4975714087486267,0.5574378371238708,-0.05662621185183525,0.4803709387779236,0.44671255350112915,-0.06766209751367569,0.43290817737579346,0.3982861340045929,-0.07779085636138916,0.45942455530166626,0.4239481985569,-0.02914637140929699,0.4655507206916809,0.26286858320236206,-0.06560167670249939,0.4590330421924591,0.1635717749595642,-0.0859067514538765,0.45337289571762085,0.07660093903541565,-0.09963297843933105,0.396167516708374,0.42675715684890747,-0.027584485709667206,0.38919106125831604,0.3597255349159241,-0.1057816669344902,0.3862664997577667,0.4822901785373688,-0.12463942915201187,0.3918495774269104,0.576076090335846,-0.11500932276248932,0.3384395241737366,0.4416511058807373,-0.031448040157556534,0.32631629705429077,0.3966844081878662,-0.10615480691194534,0.3381434679031372,0.5152857303619385,-0.0994957983493805,0.3532758355140686,0.5948271155357361,-0.07157256454229355,0.2822815179824829,0.4674655795097351,-0.03879569470882416,0.2768906354904175,0.4124431610107422,-0.0877736359834671,0.29278212785720825,0.4947497248649597,-0.08019106835126877,0.30929282307624817,0.554318904876709,-0.059744786471128464
hello,0.35178864002227783,0.7600404024124146,-1.7189374545978353e-07,0.4421564042568207,0.6984816789627075,-0.04230482876300812,0.501723051071167,0.5673735737800598,-0.05474457889795303,0.48084765672683716,0.45642536878585815,-0.06596069037914276,0.4295719563961029,0.4141838848590851,-0.07678692787885666,0.4612659811973572,0.43605244159698486,-0.02726532146334648,0.46773213148117065,0.27560511231422424,-0.06261653453111649,0.46166056394577026,0.17550083994865417,-0.08269235491752625,0.4565415680408478,0.08849605917930603,-0.09649574011564255,0.397219717502594,0.43760842084884644,-0.026287024840712547,0.392333447933197,0.37027400732040405,-0.10509449988603592,0.3879435956478119,0.49352917075157166,-0.12481659650802612,0.39158740639686584,0.589993953704834,-0.11522068083286285,0.3397601544857025,0.45092445611953735,-0.030314678326249123,0.3290629982948303,0.40694382786750793,-0.10461529344320297,0.3387617766857147,0.5243010520935059,-0.0983133316040039,0.3523322343826294,0.6061307191848755,-0.07036074250936508,0.2843722403049469,0.47415319085121155,-0.03766871616244316,0.2793627381324768,0.42031869292259216,-0.08586038649082184,0.2928330898284912,0.5007957220077515,-0.07814418524503708,0.3078959882259369,0.5606011152267456,-0.05761302635073662
hello,0.4596720337867737,0.8208975791931152,-9.983239834809865e-08,0.5492001175880432,0.7659143209457397,-0.04560763016343117,0.627153754234314,0.6346914768218994,-0.06413985788822174,0.6120238900184631,0.5162913799285889,-0.08052024245262146,0.5468012094497681,0.4791010320186615,-0.09678003937005997,0.5712734460830688,0.48827970027923584,-0.04319436103105545,0.5832904577255249,0.3181766867637634,-0.08170580863952637,0.5889979004859924,0.2093987762928009,-0.10323531925678253,0.5918565392494202,0.11799418926239014,-0.11772334575653076,0.5041496753692627,0.4866482615470886,-0.04268393665552139,0.5122447609901428,0.43946054577827454,-0.12093379348516464,0.5092554688453674,0.5687516927719116,-0.13666509091854095,0.5071978569030762,0.6633133888244629,-0.1258559674024582,0.44370540976524353,0.5009863376617432,-0.04625050723552704,0.4449116885662079,0.4757504463195801,-0.11765842139720917,0.45173579454421997,0.5888389348983765,-0.10423103719949722,0.4583774209022522,0.6617110967636108,-0.0736064687371254,0.38406604528427124,0.5276598930358887,-0.05359877645969391,0.389724463224411,0.4831887483596802,-0.09649144858121872,0.4039691984653473,0.5628631711006165,-0.08065446466207504,0.41347068548202515,0.6180779933929443,-0.05532592907547951
hello,0.5531482696533203,0.8093526363372803,-7.257275314032086e-08,0.6475664377212524,0.7517143487930298,-0.0411381796002388,0.7272070646286011,0.6235339641571045,-0.05924874544143677,0.7135799527168274,0.5055753588676453,-0.07656709849834442,0.6538270115852356,0.46646565198898315,-0.09412835538387299,0.6759886741638184,0.4739189147949219,-0.038189567625522614,0.7006230354309082,0.30786216259002686,-0.07489262521266937,0.7155410051345825,0.20345154404640198,-0.09572789072990417,0.7259836196899414,0.11343678832054138,-0.10962538421154022,0.6090564131736755,0.4720709025859833,-0.03978130966424942,0.631484866142273,0.42361700534820557,-0.11435037851333618,0.6260852813720703,0.5518755316734314,-0.1292789727449417,0.6162847280502319,0.6467591524124146,-0.11880842596292496,0.5479487180709839,0.4865368902683258,-0.045014381408691406,0.5638318657875061,0.4503288269042969,-0.1128188967704773,0.5684203505516052,0.5630987882614136,-0.09817148745059967,0.5665963292121887,0.6398311257362366,-0.06758011877536774,0.4866793751716614,0.5143743753433228,-0.053584154695272446,0.5041670203208923,0.4562534987926483,-0.09348256886005402,0.5187355279922485,0.5352597236633301,-0.0752485990524292,0.5214301347732544,0.5957876443862915,-0.048731815069913864
hello,0.5785868167877197,0.7787198424339294,-6.5975953589259e-08,0.6712778806686401,0.7196555733680725,-0.03955114632844925,0.7483797669410706,0.5945866107940674,-0.055053215473890305,0.7405195236206055,0.4803944230079651,-0.07079597562551498,0.6869752407073975,0.42594945430755615,-0.08655864000320435,0.7071981430053711,0.4471498429775238,-0.0332048237323761,0.7312150001525879,0.276874840259552,-0.07110482454299927,0.7464057207107544,0.17518404126167297,-0.09135294705629349,0.7581713199615479,0.08689063787460327,-0.10382401198148727,0.6404765844345093,0.443643182516098,-0.035702742636203766,0.6653164029121399,0.3824199438095093,-0.11269666999578476,0.6569479703903198,0.508813202381134,-0.1286667436361313,0.6477649211883545,0.6039977073669434,-0.11736247688531876,0.5794548988342285,0.4560655653476715,-0.0424458310008049,0.6011353731155396,0.4162060618400574,-0.11580035835504532,0.6013998985290527,0.5361726880073547,-0.1040554866194725,0.598856508731842,0.6168205142021179,-0.07287713885307312,0.5163600444793701,0.4820416271686554,-0.05218793451786041,0.5400049090385437,0.42742589116096497,-0.0975092425942421,0.5530175566673279,0.5084708333015442,-0.08254852145910263,0.556648850440979,0.570886492729187,-0.05677911266684532
hello,0.4361608028411865,0.7944982647895813,-1.632656960737222e-07,0.5255089402198792,0.7393487691879272,-0.03846096247434616,0.595512330532074,0.6044135093688965,-0.04974924400448799,0.5718698501586914,0.4941004812717438,-0.05934923514723778,0.5070450901985168,0.4658295214176178,-0.06890533119440079,0.5441151857376099,0.4537128508090973,-0.032022930681705475,0.5523912906646729,0.2957583963871002,-0.06393059343099594,0.5544568300247192,0.19487205147743225,-0.08188451826572418,0.5537511706352234,0.1097378134727478,-0.09493506699800491,0.48001253604888916,0.4595350921154022,-0.03289726376533508,0.4877646565437317,0.41440349817276,-0.09848414361476898,0.4888964295387268,0.5401397347450256,-0.11101972311735153,0.48813408613204956,0.6240435242652893,-0.10174298286437988,0.4230195879936218,0.4822036325931549,-0.03764450550079346,0.42226558923721313,0.45654329657554626,-0.09907477349042892,0.4358201324939728,0.5660781264305115,-0.0864185020327568,0.44264012575149536,0.6288583278656006,-0.060133278369903564,0.3653963804244995,0.5178012251853943,-0.04566552862524986,0.37021195888519287,0.47765907645225525,-0.08098237961530685,0.38723593950271606,0.553727388381958,-0.06498701125383377,0.3944697976112366,0.6003363728523254,-0.04256613552570343
hello,0.35590142011642456,0.8362074494361877,-1.824989368515162e-07,0.43769216537475586,0.7740683555603027,-0.04284749552607536,0.49932923913002014,0.6397110223770142,-0.055877480655908585,0.48459696769714355,0.5318431258201599,-0.06667988747358322,0.42694976925849915,0.5082813501358032,-0.07660599052906036,0.456989586353302,0.5034783482551575,-0.03522516414523125,0.463487446308136,0.34246671199798584,-0.06884446740150452,0.4596949815750122,0.24255171418190002,-0.08658743649721146,0.4541734457015991,0.157429039478302,-0.09875143319368362,0.39326390624046326,0.5070021152496338,-0.03411312401294708,0.39075547456741333,0.449995756149292,-0.10734839737415314,0.3890371322631836,0.5749353170394897,-0.12193682789802551,0.39259207248687744,0.6675655841827393,-0.11039165407419205,0.3366047441959381,0.5228930711746216,-0.03750964626669884,0.3277684450149536,0.49296560883522034,-0.10453318804502487,0.34019753336906433,0.6020374298095703,-0.09634456783533096,0.3527829349040985,0.6733770966529846,-0.06965886801481247,0.2829970717430115,0.5502595901489258,-0.04458769038319588,0.2795301079750061,0.5072583556175232,-0.0849282518029213,0.2958386540412903,0.5805716514587402,-0.07450613379478455,0.3092408776283264,0.6336872577667236,-0.05391237512230873
hello,0.30709999799728394,0.8217847347259521,-1.6714534467610065e-07,0.3811134696006775,0.7540203332901001,-0.0453835166990757,0.429595410823822,0.620050847530365,-0.06078445538878441,0.403445303440094,0.5175366401672363,-0.07398387044668198,0.3453616499900818,0.49381086230278015,-0.08628905564546585,0.3837532103061676,0.486420601606369,-0.03540267050266266,0.37694141268730164,0.32971012592315674,-0.06990711390972137,0.3609795570373535,0.23590877652168274,-0.08789040148258209,0.34677937626838684,0.1562807857990265,-0.09997016191482544,0.3210856318473816,0.49783438444137573,-0.03332073241472244,0.3030238151550293,0.44449418783187866,-0.10986804962158203,0.3101106286048889,0.565218985080719,-0.12704259157180786,0.32525989413261414,0.6553854942321777,-0.11669809371232986,0.26580163836479187,0.5207936763763428,-0.036148566752672195,0.24590954184532166,0.4928584396839142,-0.10702750086784363,0.26758480072021484,0.6007949113845825,-0.10121282190084457,0.2907206118106842,0.6719992756843567,-0.07510064542293549,0.2138507068157196,0.5535190105438232,-0.04273732379078865,0.2010919153690338,0.510812520980835,-0.08793382346630096,0.22212263941764832,0.5830172896385193,-0.08072103559970856,0.24389079213142395,0.6348944306373596,-0.06143763288855553
hello,0.3385399281978607,0.784932017326355,-1.6662650637044862e-07,0.4143967032432556,0.7152284979820251,-0.04284687340259552,0.46501100063323975,0.5836256742477417,-0.05731555074453354,0.43912360072135925,0.4842747151851654,-0.06954457610845566,0.3838968276977539,0.45597076416015625,-0.08085962384939194,0.4111526608467102,0.45703086256980896,-0.03307356312870979,0.40462929010391235,0.3069530129432678,-0.06625081598758698,0.39332395792007446,0.21318024396896362,-0.08471181988716125,0.38233885169029236,0.1344505250453949,-0.09723145514726639,0.3506552278995514,0.46793198585510254,-0.03164883702993393,0.33664026856422424,0.4166983366012573,-0.10325883328914642,0.34553924202919006,0.5297757387161255,-0.12054052203893661,0.3584717810153961,0.6165364980697632,-0.1118544489145279,0.2984590232372284,0.4907923936843872,-0.03470757603645325,0.28125712275505066,0.4648122787475586,-0.10094711184501648,0.3032916188240051,0.5630626082420349,-0.09464803338050842,0.32408571243286133,0.6295809745788574,-0.06974579393863678,0.2505623698234558,0.5234416723251343,-0.041303861886262894,0.23712944984436035,0.4771851599216461,-0.08288037776947021,0.2575921416282654,0.5445350408554077,-0.07368320226669312,0.27677756547927856,0.5951788425445557,-0.05372658744454384
hello,0.4277237057685852,0.7781729102134705,-1.1243392350479553e-07,0.516153872013092,0.7197712063789368,-0.04123377427458763,0.5803356170654297,0.5857753157615662,-0.055462975054979324,0.5593811869621277,0.47431787848472595,-0.06793125718832016,0.4989025592803955,0.4428521394729614,-0.08038455992937088,0.5279465317726135,0.4544125497341156,-0.03489876538515091,0.5341013669967651,0.29865744709968567,-0.06805802881717682,0.5333178043365479,0.19897279143333435,-0.08690347522497177,0.5317173600196838,0.11595943570137024,-0.09980516135692596,0.46443071961402893,0.4583512246608734,-0.03389326110482216,0.46765971183776855,0.4057794511318207,-0.1050780788064003,0.47093865275382996,0.5237606763839722,-0.120472751557827,0.4757888913154602,0.6171430349349976,-0.11056022346019745,0.4083267152309418,0.47560563683509827,-0.03672213479876518,0.4066355526447296,0.4462071657180786,-0.10120073705911636,0.4190763831138611,0.5498957633972168,-0.09085603058338165,0.430073082447052,0.6236199736595154,-0.0637165755033493,0.35433489084243774,0.5030314922332764,-0.043017178773880005,0.35726553201675415,0.45441845059394836,-0.08206865936517715,0.3730261027812958,0.5254471898078918,-0.0693150982260704,0.3846437633037567,0.5800729393959045,-0.04731977358460426
hello,0.6135973930358887,0.8560418486595154,-5.5710991375690355e-08,0.7078918814659119,0.8016058206558228,-0.04141853004693985,0.7894217371940613,0.6691814661026001,-0.05789301544427872,0.7867895364761353,0.5434281229972839,-0.07473041117191315,0.7350442409515381,0.4825505018234253,-0.09113191068172455,0.7463517785072327,0.5057743787765503,-0.029457097873091698,0.7858243584632874,0.34515780210494995,-0.06954499334096909,0.8094724416732788,0.24422210454940796,-0.09137628972530365,0.8284448981285095,0.15366721153259277,-0.10510530322790146,0.6805232167243958,0.49731776118278503,-0.03260057792067528,0.7249149084091187,0.44538506865501404,-0.11232241243124008,0.713341236114502,0.5829117298126221,-0.12711670994758606,0.6977948546409607,0.6799902319908142,-0.11427997797727585,0.6170870065689087,0.5060403347015381,-0.04088210314512253,0.6574234366416931,0.4743042290210724,-0.11756448447704315,0.6510788798332214,0.6059891581535339,-0.10159460455179214,0.6407431364059448,0.6877349019050598,-0.06685850024223328,0.5507395267486572,0.5290471315383911,-0.05246638506650925,0.5906540155410767,0.4825568199157715,-0.0985395535826683,0.5999934673309326,0.5714473724365234,-0.08032524585723877,0.5959416627883911,0.6313053369522095,-0.05222034826874733
hello,0.5717900395393372,0.8383547067642212,-2.9265551759749542e-08,0.6669156551361084,0.7731882333755493,-0.03889217972755432,0.7450910210609436,0.6418709754943848,-0.05473513901233673,0.7381911873817444,0.5214773416519165,-0.0717741921544075,0.6848865747451782,0.4651958644390106,-0.08900050818920135,0.6977128982543945,0.4897192716598511,-0.02655969001352787,0.7305253744125366,0.328308641910553,-0.06461620330810547,0.7527265548706055,0.22502237558364868,-0.08688189834356308,0.7694358825683594,0.13587501645088196,-0.10086013376712799,0.630987823009491,0.4854932129383087,-0.03051641397178173,0.6656895279884338,0.4329964518547058,-0.10892127454280853,0.659107506275177,0.5614294409751892,-0.1272926926612854,0.645177960395813,0.6614410877227783,-0.11715807765722275,0.5687243342399597,0.49851447343826294,-0.038995493203401566,0.6000977158546448,0.4667324125766754,-0.11162936687469482,0.5993387699127197,0.5860587358474731,-0.10003962367773056,0.5910103917121887,0.6690748929977417,-0.06889792531728745,0.5045983195304871,0.525536835193634,-0.050754815340042114,0.532690167427063,0.4746319055557251,-0.09375017136335373,0.5471715331077576,0.5526806116104126,-0.07795682549476624,0.5479641556739807,0.6148889660835266,-0.05181783810257912
hello,0.47026526927948,0.8374538421630859,-1.3401012211033958e-07,0.5642321705818176,0.7706278562545776,-0.03975224867463112,0.6395286321640015,0.6256325840950012,-0.05067014694213867,0.6188165545463562,0.498270720243454,-0.060609374195337296,0.5515621900558472,0.4760727286338806,-0.07073163986206055,0.5856003761291504,0.48834919929504395,-0.02558465115725994,0.5999290347099304,0.32266056537628174,-0.056950122117996216,0.6063724756240845,0.22084447741508484,-0.07357293367385864,0.6123118996620178,0.13351747393608093,-0.08504850417375565,0.5212607383728027,0.48992764949798584,-0.02655666507780552,0.5342572331428528,0.4267852008342743,-0.09978581219911575,0.531182050704956,0.5527807474136353,-0.11564867198467255,0.5285589098930359,0.6515638828277588,-0.10407477617263794,0.4632726013660431,0.5060661435127258,-0.03162703663110733,0.46801820397377014,0.47048765420913696,-0.1012859046459198,0.4769759476184845,0.5857634544372559,-0.09329488128423691,0.4835481643676758,0.6646270751953125,-0.06528860330581665,0.4044312834739685,0.5348842144012451,-0.03977862372994423,0.4116750955581665,0.48873746395111084,-0.080952487885952,0.4264467656612396,0.5664725303649902,-0.0686521977186203,0.4351845383644104,0.624584972858429,-0.04626390337944031
hello,0.3904069662094116,0.8592320680618286,-1.7005287133997626e-07,0.4756719470024109,0.7870675921440125,-0.04597356170415878,0.528079092502594,0.6345372200012207,-0.05873110145330429,0.5036283135414124,0.5168153047561646,-0.06926561146974564,0.4447084665298462,0.4807596802711487,-0.07901536673307419,0.47654974460601807,0.5071938037872314,-0.030765576288104057,0.47505179047584534,0.3441564440727234,-0.06660943478345871,0.465457558631897,0.24577674269676208,-0.08577678352594376,0.4565999507904053,0.15821895003318787,-0.09903140366077423,0.40984025597572327,0.5164005756378174,-0.02903473936021328,0.4042452573776245,0.45189014077186584,-0.10890554636716843,0.4112131893634796,0.5836760401725769,-0.12601053714752197,0.42361071705818176,0.6786370277404785,-0.1139008104801178,0.35029250383377075,0.5388303995132446,-0.032621581107378006,0.34217071533203125,0.49807050824165344,-0.10842302441596985,0.36181992292404175,0.6221358776092529,-0.09839049726724625,0.3810267448425293,0.6996241807937622,-0.06747274845838547,0.29394614696502686,0.5732831954956055,-0.03989418223500252,0.29086944460868835,0.5232250094413757,-0.0881497710943222,0.3119187653064728,0.6081928610801697,-0.07737021148204803,0.3305921256542206,0.664042592048645,-0.05446675047278404
hello,0.3836917579174042,0.8574012517929077,-1.5892359783720167e-07,0.4678303599357605,0.7828108668327332,-0.0466211698949337,0.5174957513809204,0.6362220644950867,-0.061613887548446655,0.4881088137626648,0.5219230055809021,-0.07481154799461365,0.4338705539703369,0.48597753047943115,-0.08740440756082535,0.4602966010570526,0.5031269192695618,-0.030647849664092064,0.45491278171539307,0.3425304889678955,-0.06695571541786194,0.44287100434303284,0.24412405490875244,-0.08660650998353958,0.43238070607185364,0.15822798013687134,-0.10001881420612335,0.3943755626678467,0.5156177282333374,-0.028977425768971443,0.38969799876213074,0.45355185866355896,-0.11081970483064651,0.39898693561553955,0.584132730960846,-0.1298501342535019,0.4114544987678528,0.6835977435112,-0.11848656833171844,0.33644843101501465,0.5411825180053711,-0.032585836946964264,0.3285835385322571,0.5041779279708862,-0.11058830469846725,0.351105272769928,0.6251854300498962,-0.10254884511232376,0.3718317747116089,0.7065104246139526,-0.07197335362434387,0.28118881583213806,0.57878178358078,-0.039769142866134644,0.2758041322231293,0.526125967502594,-0.09095330536365509,0.2994600832462311,0.6084117889404297,-0.08207524567842484,0.3205374479293823,0.6674663424491882,-0.059512123465538025
hello,0.5011576414108276,0.860689640045166,-1.6936235169850988e-07,0.5921636819839478,0.7895160913467407,-0.03634325787425041,0.6565037965774536,0.6411433815956116,-0.04674734175205231,0.6241651177406311,0.5218167304992676,-0.057197581976652145,0.5545281171798706,0.5040996074676514,-0.06855715066194534,0.5908219218254089,0.5011005401611328,-0.022167228162288666,0.5999638438224792,0.3389214873313904,-0.05312301963567734,0.6037075519561768,0.23871785402297974,-0.07122005522251129,0.6055395603179932,0.15072032809257507,-0.08371991664171219,0.526407778263092,0.5089187026023865,-0.024899089708924294,0.5411957502365112,0.44874486327171326,-0.09340723603963852,0.5452585816383362,0.5748186111450195,-0.11102213710546494,0.5442673563957214,0.6669206619262695,-0.10251989960670471,0.46747440099716187,0.5314735770225525,-0.031105034053325653,0.4790775775909424,0.4894344210624695,-0.09788796305656433,0.4962182343006134,0.605861246585846,-0.09009673446416855,0.5032631754875183,0.6833896636962891,-0.06325536966323853,0.40712350606918335,0.5681831240653992,-0.039735108613967896,0.4148266315460205,0.5075187683105469,-0.07938559353351593,0.44069671630859375,0.5823900103569031,-0.06418490409851074,0.45356589555740356,0.6429649591445923,-0.03985123336315155
hello,0.6335399746894836,0.8947019577026367,-5.5833549339467936e-08,0.7366498708724976,0.8323100209236145,-0.035194553434848785,0.8169366717338562,0.690532386302948,-0.049384113401174545,0.80101478099823,0.5675357580184937,-0.06536436825990677,0.7388820648193359,0.5251480937004089,-0.08111515641212463,0.750218391418457,0.5266596078872681,-0.022633597254753113,0.7852751016616821,0.36128392815589905,-0.05806968733668327,0.8083173632621765,0.25845661759376526,-0.07837862521409988,0.8256406784057617,0.16734269261360168,-0.09200219810009003,0.6813555955886841,0.5208156704902649,-0.027555959299206734,0.7323827147483826,0.48294365406036377,-0.10037100315093994,0.7278524041175842,0.6149460673332214,-0.11726827919483185,0.7104034423828125,0.7019805908203125,-0.10817093402147293,0.6184744238853455,0.5323703289031982,-0.03634035587310791,0.6696346998214722,0.5108973979949951,-0.10565967857837677,0.6719956398010254,0.6345320343971252,-0.09346504509449005,0.6609903573989868,0.7061184644699097,-0.06405450403690338,0.5539674162864685,0.5599237084388733,-0.047913163900375366,0.5975683927536011,0.5211431384086609,-0.08877072483301163,0.6169762015342712,0.6047855019569397,-0.07155314832925797,0.6183615326881409,0.6606036424636841,-0.04533642902970314
hello,0.7072994709014893,0.896080732345581,1.0451124410337798e-07,0.8094044923782349,0.831146240234375,-0.04802243784070015,0.8914552927017212,0.6966961622238159,-0.07233194261789322,0.8809626698493958,0.5742040276527405,-0.0970715805888176,0.8260129690170288,0.5182784795761108,-0.12016486376523972,0.8298051357269287,0.5112981796264648,-0.03780577331781387,0.8786711692810059,0.3475424349308014,-0.08662254363298416,0.9091907143592834,0.24400639533996582,-0.1131562888622284,0.9360373616218567,0.15042585134506226,-0.12884695827960968,0.7589802145957947,0.5013359189033508,-0.04048430919647217,0.8321897983551025,0.47482219338417053,-0.13056842982769012,0.8244687914848328,0.6188464164733887,-0.14851143956184387,0.8053657412528992,0.7151445150375366,-0.13538219034671783,0.6941299438476562,0.5118172764778137,-0.049204740673303604,0.7653847932815552,0.5123065114021301,-0.13424833118915558,0.7598538994789124,0.6497059464454651,-0.11937720328569412,0.7447015643119812,0.728469729423523,-0.08278366178274155,0.6293021440505981,0.5415555238723755,-0.06205325573682785,0.6921594738960266,0.5270328521728516,-0.11252495646476746,0.7055814862251282,0.623101532459259,-0.09553354233503342,0.6997901797294617,0.6804116368293762,-0.06619567424058914
hello,0.7132256627082825,0.9006723165512085,6.150408182747924e-08,0.8145775198936462,0.8354532718658447,-0.04743838682770729,0.8946795463562012,0.6978790760040283,-0.07008439302444458,0.8899602890014648,0.5716670155525208,-0.09347551316022873,0.8444430232048035,0.5087876915931702,-0.11488335579633713,0.8365645408630371,0.5111160278320312,-0.03431333228945732,0.8849852085113525,0.34606027603149414,-0.08251550048589706,0.9139745235443115,0.24054676294326782,-0.10834707319736481,0.9387478828430176,0.14378225803375244,-0.1237129271030426,0.7674223780632019,0.5026631951332092,-0.03693003952503204,0.8407936096191406,0.47108209133148193,-0.1268281191587448,0.833599865436554,0.6158360838890076,-0.14455173909664154,0.8149787783622742,0.7113767862319946,-0.1311933398246765,0.703550398349762,0.5133261680603027,-0.04572336748242378,0.7743403911590576,0.5081343650817871,-0.13229705393314362,0.7690135836601257,0.6473168134689331,-0.11714711040258408,0.7541224360466003,0.7267769575119019,-0.07980524748563766,0.6389968395233154,0.5430018901824951,-0.058477070182561874,0.7024449110031128,0.5253481268882751,-0.11068735271692276,0.7143398523330688,0.6223515868186951,-0.09398885816335678,0.7070435881614685,0.680071234703064,-0.06455056369304657
hello,0.6628907918930054,0.9248946905136108,-8.761941927559747e-08,0.7647032141685486,0.8467471599578857,-0.03621556609869003,0.8408890962600708,0.6938360333442688,-0.051051996648311615,0.8290467262268066,0.5719030499458313,-0.06758373975753784,0.7723398804664612,0.5218484401702881,-0.08409961313009262,0.7760613560676575,0.5237798094749451,-0.02769773080945015,0.800734281539917,0.3484945297241211,-0.06728687137365341,0.8183608055114746,0.23739415407180786,-0.09048062562942505,0.8312113881111145,0.1407248079776764,-0.10534469783306122,0.7002588510513306,0.5246103405952454,-0.03338336944580078,0.7515766620635986,0.49131229519844055,-0.11183779686689377,0.7498149871826172,0.6306171417236328,-0.1294242888689041,0.7348970770835876,0.7290551662445068,-0.11960452049970627,0.6331419944763184,0.5481849908828735,-0.04309697076678276,0.6812830567359924,0.5304358005523682,-0.11766987293958664,0.6857782006263733,0.6588728427886963,-0.10400959104299545,0.6776228547096252,0.7378268241882324,-0.07206125557422638,0.5667234659194946,0.5923157334327698,-0.05566546693444252,0.6071183085441589,0.5538488030433655,-0.10115672647953033,0.6280543804168701,0.6431065201759338,-0.08258555829524994,0.631472110748291,0.7060167789459229,-0.053725164383649826
hello,0.505204975605011,0.9189156293869019,-9.807988021748315e-08,0.5983740091323853,0.8610002994537354,-0.04976813867688179,0.678737223148346,0.7186664938926697,-0.07042593508958817,0.6673413515090942,0.5892287492752075,-0.08893011510372162,0.6113355755805969,0.531378448009491,-0.10663413256406784,0.6265612840652466,0.5516209006309509,-0.04268459230661392,0.648751974105835,0.3801673650741577,-0.0872509703040123,0.6606953740119934,0.27153921127319336,-0.11195545643568039,0.6676209568977356,0.17713454365730286,-0.12776830792427063,0.5539991855621338,0.5499457716941833,-0.042639512568712234,0.5778987407684326,0.5052278637886047,-0.13053099811077118,0.5720560550689697,0.6496078372001648,-0.14804671704769135,0.5642385482788086,0.7496027946472168,-0.13555653393268585,0.48785820603370667,0.5669910311698914,-0.04777299240231514,0.5066293478012085,0.5443364381790161,-0.13053449988365173,0.5094229578971863,0.6765190362930298,-0.11526919901371002,0.5097392201423645,0.75467449426651,-0.07975666970014572,0.4207969307899475,0.5991275906562805,-0.056755468249320984,0.44084835052490234,0.5640016794204712,-0.10805168747901917,0.45580318570137024,0.6562681198120117,-0.09143055230379105,0.4623117744922638,0.7113268971443176,-0.06292985379695892
hello,0.5298889875411987,0.9368942975997925,-7.32906784151055e-08,0.6270977854728699,0.8784365653991699,-0.04737070947885513,0.7114007472991943,0.7352725863456726,-0.06733748316764832,0.7030914425849915,0.6040419340133667,-0.08634822815656662,0.6462090611457825,0.5495251417160034,-0.1047632023692131,0.6556934714317322,0.5612557530403137,-0.03964962810277939,0.6873077154159546,0.39278465509414673,-0.08366557955741882,0.7049152851104736,0.2829356789588928,-0.1085074245929718,0.7170271873474121,0.18708765506744385,-0.12448125332593918,0.5826451182365417,0.5545649528503418,-0.04080997779965401,0.6183610558509827,0.5249080657958984,-0.1271260678768158,0.6122903227806091,0.6690936088562012,-0.1440991908311844,0.6021658778190613,0.7687458992004395,-0.1318330466747284,0.5159180760383606,0.5696765184402466,-0.047072142362594604,0.5472427010536194,0.5614659190177917,-0.12769100069999695,0.5473329424858093,0.6942836046218872,-0.11154932528734207,0.5446411967277527,0.7741572856903076,-0.07606340199708939,0.4490216076374054,0.6016185283660889,-0.05736670270562172,0.4799938499927521,0.5777444839477539,-0.10644868016242981,0.4934439957141876,0.6707725524902344,-0.08934759348630905,0.49714118242263794,0.7274530529975891,-0.06081845611333847
hello,0.5335949659347534,0.9219192266464233,-1.0093926050558366e-07,0.6306287050247192,0.8605539798736572,-0.04719934239983559,0.7111644148826599,0.7152311205863953,-0.06598909944295883,0.6987993121147156,0.5863763093948364,-0.08355613797903061,0.647272527217865,0.526732325553894,-0.10076243430376053,0.6556650996208191,0.5466154217720032,-0.03903159871697426,0.6788681745529175,0.3737226128578186,-0.0825052335858345,0.6933498382568359,0.26147741079330444,-0.10723090916872025,0.7028427720069885,0.1651417315006256,-0.12275571376085281,0.5828368663787842,0.5450578331947327,-0.03928343579173088,0.6138081550598145,0.5085393786430359,-0.12658333778381348,0.606917142868042,0.6516748070716858,-0.1453678458929062,0.5958629250526428,0.7543237805366516,-0.1335235834121704,0.517281711101532,0.5628243088722229,-0.04436328634619713,0.5428009033203125,0.5450623631477356,-0.12641899287700653,0.5437253713607788,0.6771188378334045,-0.11235196143388748,0.5417433381080627,0.7598196864128113,-0.07727114111185074,0.45093822479248047,0.5971599817276001,-0.053042780607938766,0.4754897356033325,0.5633416771888733,-0.1043790951371193,0.4896862506866455,0.6557449698448181,-0.08837252855300903,0.49501925706863403,0.715418815612793,-0.05959036201238632
hello,0.4751666486263275,0.8990353345870972,-1.325292373621778e-07,0.5665099024772644,0.8273798227310181,-0.04478885978460312,0.6367458701133728,0.6726321578025818,-0.06063011661171913,0.620619535446167,0.54376620054245,-0.07531314343214035,0.5527155995368958,0.5133957862854004,-0.09010621160268784,0.5759795904159546,0.5253661870956421,-0.03549373522400856,0.5821071267127991,0.3500303030014038,-0.0726713016629219,0.5819185376167297,0.2440086007118225,-0.09281275421380997,0.5807070732116699,0.15189042687416077,-0.10664516687393188,0.5056345462799072,0.5340116620063782,-0.036256954073905945,0.5124645233154297,0.47336316108703613,-0.11855004727840424,0.5180109739303589,0.6097144484519958,-0.13619814813137054,0.524167537689209,0.7121362686157227,-0.12437372654676437,0.4429051876068115,0.5588322877883911,-0.041295867413282394,0.44733548164367676,0.521621584892273,-0.11869305372238159,0.46383047103881836,0.6478936672210693,-0.10706711560487747,0.47755447030067444,0.731900691986084,-0.07494530081748962,0.3804278075695038,0.5980231761932373,-0.04997488856315613,0.3892819285392761,0.5505512952804565,-0.09943895787000656,0.4102802872657776,0.6382265090942383,-0.08658488094806671,0.4256407618522644,0.7009559869766235,-0.06165192648768425
hello,0.4616500735282898,0.8437837362289429,-1.1954040246564546e-07,0.5420243740081787,0.7755278944969177,-0.0517212375998497,0.6029349565505981,0.6323853731155396,-0.07129617780447006,0.5811838507652283,0.5173640251159668,-0.08823901414871216,0.5289328694343567,0.4605446457862854,-0.10364340245723724,0.5468899607658386,0.47902387380599976,-0.03756134212017059,0.5474421977996826,0.31054919958114624,-0.07979485392570496,0.5428949594497681,0.20611077547073364,-0.10223966836929321,0.5387078523635864,0.11676323413848877,-0.11623972654342651,0.47937649488449097,0.4924566447734833,-0.035894136875867844,0.48353707790374756,0.43035393953323364,-0.12421590089797974,0.4882200062274933,0.5692009925842285,-0.1429174691438675,0.49700409173965454,0.6718724370002747,-0.12964892387390137,0.41970086097717285,0.5204983353614807,-0.040161795914173126,0.42095455527305603,0.48914414644241333,-0.12563376128673553,0.4373646676540375,0.6178387999534607,-0.11402010917663574,0.4531469941139221,0.6962484121322632,-0.0789913535118103,0.3610270619392395,0.5603127479553223,-0.04819510132074356,0.3634628653526306,0.515078604221344,-0.10349654406309128,0.38609015941619873,0.6053385138511658,-0.09054655581712723,0.40433380007743835,0.6615281105041504,-0.06338165700435638
hello,0.47390830516815186,0.86295485496521,-1.510879314992053e-07,0.5582947731018066,0.7933089733123779,-0.04872753098607063,0.6233007311820984,0.6466457843780518,-0.06657299399375916,0.6021486520767212,0.5268399119377136,-0.08180936425924301,0.5411853194236755,0.4742126762866974,-0.09609880298376083,0.5640350580215454,0.4958784878253937,-0.03844107687473297,0.5657381415367126,0.3254755735397339,-0.07904640585184097,0.5644501447677612,0.21867439150810242,-0.10099949687719345,0.5605093240737915,0.12668567895889282,-0.11519880592823029,0.4957054555416107,0.5080360770225525,-0.03820061311125755,0.500489354133606,0.4440807104110718,-0.12005321681499481,0.5065317749977112,0.5820149779319763,-0.13630712032318115,0.5119474530220032,0.6801142692565918,-0.12410704791545868,0.4345819056034088,0.5361376404762268,-0.04321099445223808,0.4365467429161072,0.4964331388473511,-0.12268342822790146,0.45258763432502747,0.6233932375907898,-0.1083621233701706,0.4638235569000244,0.6990229487419128,-0.07429037243127823,0.37380653619766235,0.5773706436157227,-0.051870349794626236,0.3785935938358307,0.5224088430404663,-0.10120315849781036,0.4003649353981018,0.6093283891677856,-0.08431176841259003,0.41330164670944214,0.6648740768432617,-0.05649749934673309
hello,0.5523606538772583,0.9141160249710083,-8.864930123309023e-08,0.6479073762893677,0.8475276827812195,-0.045909687876701355,0.7280185222625732,0.6991040706634521,-0.06570149213075638,0.7144403457641602,0.5677834749221802,-0.08476473391056061,0.6481303572654724,0.5259129405021667,-0.10353904962539673,0.666433572769165,0.5322360992431641,-0.03760765865445137,0.6884704232215881,0.359238862991333,-0.07976282387971878,0.700199544429779,0.24684277176856995,-0.10358403623104095,0.7080094218254089,0.14968040585517883,-0.11891645938158035,0.5942354798316956,0.5307469367980957,-0.039256751537323,0.6292802095413208,0.4919559359550476,-0.12353820353746414,0.6278209090232849,0.6348366737365723,-0.1410014033317566,0.6204941868782043,0.7348556518554688,-0.12873798608779907,0.5282943844795227,0.549625813961029,-0.045544806867837906,0.5579274296760559,0.5372117757797241,-0.12401051819324493,0.5627129077911377,0.6667167544364929,-0.10969289392232895,0.5616844892501831,0.7439565658569336,-0.07541962713003159,0.4628409147262573,0.5848535299301147,-0.05556969717144966,0.49146348237991333,0.5538557767868042,-0.10212801396846771,0.5097792744636536,0.642941415309906,-0.0844089537858963,0.5152696371078491,0.6993664503097534,-0.055647920817136765
hello,0.567216157913208,0.9204174876213074,-8.226052727877686e-08,0.6669079065322876,0.8544358015060425,-0.04675431177020073,0.7458922863006592,0.7086251378059387,-0.06584493070840836,0.7346168756484985,0.5789541602134705,-0.08484511822462082,0.6837573051452637,0.5155805349349976,-0.1033569872379303,0.6901748776435852,0.536525547504425,-0.03752930834889412,0.7148730754852295,0.35797542333602905,-0.08210984617471695,0.7304816246032715,0.24377551674842834,-0.10712014138698578,0.7407827377319336,0.14587467908859253,-0.12245967984199524,0.6162552833557129,0.5363238453865051,-0.039012376219034195,0.655339777469635,0.4962998628616333,-0.126996248960495,0.6502600312232971,0.6396681666374207,-0.1453002691268921,0.6386752724647522,0.742388129234314,-0.13315682113170624,0.5498043894767761,0.5551679134368896,-0.04568615183234215,0.5859987735748291,0.535125195980072,-0.12778031826019287,0.5855692625045776,0.6674442887306213,-0.11264097690582275,0.5802788734436035,0.750879168510437,-0.07691057026386261,0.4824255108833313,0.5905865430831909,-0.056264832615852356,0.5168346166610718,0.5540733337402344,-0.1065778061747551,0.5315212607383728,0.6444190144538879,-0.08956936001777649,0.5343571901321411,0.7054331302642822,-0.06036674231290817
hello,0.5320481061935425,0.9042685031890869,-1.427203386583642e-07,0.6276715993881226,0.8384817838668823,-0.04534061253070831,0.7059701681137085,0.6926247477531433,-0.06281399726867676,0.6926394104957581,0.5649813413619995,-0.07955814898014069,0.6365118622779846,0.5111203789710999,-0.09598587453365326,0.6505550146102905,0.526437520980835,-0.03697049990296364,0.6685130596160889,0.34703218936920166,-0.0781162828207016,0.6783807873725891,0.23513132333755493,-0.10092394798994064,0.6854832768440247,0.13828012347221375,-0.11558996886014938,0.5777918696403503,0.5266577005386353,-0.03800900653004646,0.6037460565567017,0.48372459411621094,-0.12298617511987686,0.5982178449630737,0.6224558353424072,-0.141432523727417,0.5907682776451111,0.7229776382446289,-0.12979263067245483,0.5133084654808044,0.5469372272491455,-0.04355188459157944,0.5353109240531921,0.525082528591156,-0.12370472401380539,0.538579523563385,0.6541362404823303,-0.11081624776124954,0.5395683646202087,0.7356213927268982,-0.07699082046747208,0.44908836483955383,0.5840510725975037,-0.0525970421731472,0.46880224347114563,0.5465883016586304,-0.10306595265865326,0.4844331443309784,0.6369212865829468,-0.08767140656709671,0.4931163191795349,0.6981630325317383,-0.05957673117518425
hello,0.49051204323768616,0.8896141052246094,-1.4045909324522654e-07,0.5798025727272034,0.8216514587402344,-0.04761907085776329,0.646101713180542,0.6685382127761841,-0.06399453431367874,0.629364013671875,0.5428043603897095,-0.07874947786331177,0.5714989900588989,0.5001190304756165,-0.09259708225727081,0.5912624001502991,0.5150903463363647,-0.037068795412778854,0.5991609692573547,0.33302468061447144,-0.0766092911362648,0.5992156863212585,0.22224640846252441,-0.09755226224660873,0.5980784893035889,0.12666577100753784,-0.11150741577148438,0.5196645855903625,0.5220723152160645,-0.03665457293391228,0.529597282409668,0.4687950909137726,-0.1243714988231659,0.530788779258728,0.6075707077980042,-0.14336052536964417,0.534094512462616,0.709636390209198,-0.13080883026123047,0.45657986402511597,0.5438016057014465,-0.041107069700956345,0.46194806694984436,0.5200226902961731,-0.1232832744717598,0.4757377803325653,0.6482948064804077,-0.11257211118936539,0.4884631633758545,0.7287242412567139,-0.07944122701883316,0.39453643560409546,0.5793980360031128,-0.049372103065252304,0.40239691734313965,0.5453714728355408,-0.10226831585168839,0.4236414432525635,0.6361689567565918,-0.09071586281061172,0.4407503008842468,0.6958063840866089,-0.06524240970611572
hello,0.45232459902763367,0.8758279085159302,-1.540202276828495e-07,0.535921573638916,0.8026413321495056,-0.05055708810687065,0.5939748883247375,0.6535426378250122,-0.06894883513450623,0.5687020421028137,0.5399674773216248,-0.08460989594459534,0.509086549282074,0.49932289123535156,-0.09865538030862808,0.5351406931877136,0.5001469850540161,-0.04330563545227051,0.5348912477493286,0.32464858889579773,-0.08536159247159958,0.5279092788696289,0.21743398904800415,-0.10743268579244614,0.5207211971282959,0.12446796894073486,-0.12185951322317123,0.4644283950328827,0.5137675404548645,-0.04252283275127411,0.4690046012401581,0.4568382501602173,-0.12925054132938385,0.4754129648208618,0.5954057574272156,-0.14658024907112122,0.4839274287223816,0.694848358631134,-0.1337214857339859,0.40321338176727295,0.5422354936599731,-0.04717287793755531,0.4034835696220398,0.5125804543495178,-0.1293899565935135,0.4241597354412079,0.6394456028938293,-0.11788817495107651,0.441651850938797,0.716439962387085,-0.0846661776304245,0.34567320346832275,0.5853040218353271,-0.05588812008500099,0.3481919467449188,0.5408176183700562,-0.10844963043928146,0.3734281063079834,0.6279395222663879,-0.09586307406425476,0.3923546075820923,0.6850605010986328,-0.07019226998090744
hello,0.49896249175071716,0.8720343112945557,-1.0497445401824734e-07,0.5864132642745972,0.8018366098403931,-0.047719743102788925,0.6535170674324036,0.6542452573776245,-0.06599888205528259,0.6307826042175293,0.5315185785293579,-0.08198297023773193,0.5686321258544922,0.49383610486984253,-0.0975143164396286,0.5890637040138245,0.5029531717300415,-0.03989729657769203,0.5951223969459534,0.32856303453445435,-0.07963709533214569,0.5961214900016785,0.2180873453617096,-0.10123714804649353,0.594293475151062,0.12397056818008423,-0.11551234871149063,0.5201851725578308,0.5130182504653931,-0.0393047109246254,0.529496967792511,0.45814958214759827,-0.12044692039489746,0.537390410900116,0.5962424874305725,-0.1361730396747589,0.5428714752197266,0.6957141160964966,-0.123992919921875,0.4588856101036072,0.5397948622703552,-0.0434403270483017,0.463295578956604,0.5097193717956543,-0.1210259199142456,0.4797310531139374,0.6309034824371338,-0.10767543315887451,0.4911477267742157,0.7063606977462769,-0.0748038962483406,0.3984595537185669,0.5794594287872314,-0.051131896674633026,0.4034270942211151,0.5291592478752136,-0.0992521271109581,0.42676958441734314,0.6130360960960388,-0.08325673639774323,0.44106829166412354,0.6700009703636169,-0.056250039488077164
hello,0.5652048587799072,0.8628526926040649,-6.971747978923304e-08,0.6565543413162231,0.7938088178634644,-0.045122597366571426,0.7289681434631348,0.6441614627838135,-0.06421558558940887,0.7123644948005676,0.5152729153633118,-0.0826675072312355,0.6496189832687378,0.4747883081436157,-0.10066595673561096,0.6654133796691895,0.48570746183395386,-0.03812536969780922,0.6807891130447388,0.3087865710258484,-0.0806085467338562,0.68891441822052,0.1983901858329773,-0.10408791154623032,0.6932240724563599,0.10169759392738342,-0.1193583607673645,0.596768856048584,0.49027231335639954,-0.040232010185718536,0.627831220626831,0.438648521900177,-0.1243530735373497,0.6321436166763306,0.5781593918800354,-0.14068354666233063,0.6282110810279846,0.6744489073753357,-0.12823769450187683,0.5345542430877686,0.5128477215766907,-0.047168903052806854,0.5623665452003479,0.4872835874557495,-0.12661617994308472,0.5711342096328735,0.6146515011787415,-0.11196352541446686,0.5712350010871887,0.6901419758796692,-0.07760444283485413,0.472421795129776,0.5499590635299683,-0.057698555290699005,0.4996691644191742,0.5074191689491272,-0.10527878254652023,0.5191136598587036,0.5939503908157349,-0.08779039978981018,0.524592936038971,0.6503925323486328,-0.05970241501927376
hello,0.5659369230270386,0.8609143495559692,-1.162999083703653e-07,0.6592812538146973,0.789321780204773,-0.04228118434548378,0.7366532683372498,0.6449306011199951,-0.058563631027936935,0.7254929542541504,0.5207064151763916,-0.07553622871637344,0.6679821014404297,0.4692312777042389,-0.09242359548807144,0.6805815696716309,0.4875946640968323,-0.03067167103290558,0.6985834240913391,0.31015631556510925,-0.07056038081645966,0.7100970149040222,0.2008689045906067,-0.09228383749723434,0.7177993655204773,0.10555011034011841,-0.10585121065378189,0.611742377281189,0.4910140335559845,-0.03345780447125435,0.6388408541679382,0.4357719123363495,-0.1150800883769989,0.6360003352165222,0.5706514716148376,-0.1330118179321289,0.629294216632843,0.6690912842750549,-0.12179712951183319,0.549558162689209,0.5121334195137024,-0.04098954424262047,0.5756416320800781,0.48160719871520996,-0.11890295892953873,0.5788527131080627,0.6081212759017944,-0.10660465061664581,0.5777919888496399,0.6894599795341492,-0.07346512377262115,0.485759437084198,0.5474159717559814,-0.05183698609471321,0.5076284408569336,0.49843916296958923,-0.0987224131822586,0.5243618488311768,0.5812970995903015,-0.08258029818534851,0.532098650932312,0.6420766115188599,-0.054929912090301514
hello,0.48500990867614746,0.8354517221450806,-1.4275215676207154e-07,0.5735712647438049,0.7646709084510803,-0.040889494121074677,0.6408884525299072,0.6181262135505676,-0.05499797686934471,0.6230508089065552,0.4914897680282593,-0.06865116953849792,0.5593526363372803,0.459067165851593,-0.08244085311889648,0.5901976823806763,0.4769996702671051,-0.032102491706609726,0.598693311214447,0.29789817333221436,-0.06709689646959305,0.6017947793006897,0.19289153814315796,-0.08560492098331451,0.6044580936431885,0.10184168815612793,-0.09802999347448349,0.5234349370002747,0.4850982427597046,-0.033971622586250305,0.5346689224243164,0.41723862290382385,-0.11284402012825012,0.5346055030822754,0.5455619692802429,-0.1299353986978531,0.5359342098236084,0.646010160446167,-0.1183646023273468,0.4641766846179962,0.5070606470108032,-0.03972937911748886,0.47089409828186035,0.46207642555236816,-0.1136057898402214,0.48192235827445984,0.5821821689605713,-0.1031164601445198,0.4912688136100769,0.6651231050491333,-0.07251756638288498,0.4048149287700653,0.5423014163970947,-0.048751674592494965,0.4141025245189667,0.48968470096588135,-0.09492575377225876,0.43178775906562805,0.572767972946167,-0.08190379291772842,0.4447559714317322,0.6365509033203125,-0.05752181261777878
hello,0.3812236189842224,0.8311768770217896,-1.7295792531513143e-07,0.4641254246234894,0.7609100341796875,-0.04233577847480774,0.5214213132858276,0.6167747378349304,-0.05454167351126671,0.503472089767456,0.4984235167503357,-0.06480014324188232,0.44588667154312134,0.4639001190662384,-0.07392170280218124,0.4765978455543518,0.4883745312690735,-0.03180171921849251,0.48237863183021545,0.3178008198738098,-0.06655734032392502,0.4782561957836151,0.21537739038467407,-0.08418597280979156,0.4745873808860779,0.12784826755523682,-0.09600229561328888,0.41221049427986145,0.4975642263889313,-0.03185982629656792,0.4107198119163513,0.428160160779953,-0.10813315957784653,0.4103386700153351,0.5549812912940979,-0.12263595312833786,0.41788169741630554,0.6485933661460876,-0.10970970243215561,0.3546789884567261,0.5185852646827698,-0.036744311451911926,0.34653061628341675,0.4780079424381256,-0.10879107564687729,0.35984307527542114,0.5938417315483093,-0.09864869713783264,0.375419557094574,0.6663527488708496,-0.06883673369884491,0.30039387941360474,0.5514346361160278,-0.04503866285085678,0.2970942258834839,0.49865278601646423,-0.08892800658941269,0.3136023283004761,0.5774468183517456,-0.07648131996393204,0.32849571108818054,0.6332752108573914,-0.053386323153972626
hello,0.33276402950286865,0.8586050271987915,-1.7879523284136667e-07,0.41219276189804077,0.7913693785667419,-0.04908119514584541,0.46282124519348145,0.6468909978866577,-0.06440586596727371,0.43710675835609436,0.5345013737678528,-0.07689567655324936,0.38208717107772827,0.4976726174354553,-0.08818912506103516,0.4139992296695709,0.5050720572471619,-0.03645997866988182,0.4122218191623688,0.3421092629432678,-0.07184824347496033,0.4007714092731476,0.2437593638896942,-0.09004728496074677,0.3903602063655853,0.15914350748062134,-0.10287688672542572,0.3491602838039398,0.5172593593597412,-0.03331627696752548,0.335232675075531,0.461275190114975,-0.11335287243127823,0.34347057342529297,0.5856142640113831,-0.1314343959093094,0.3582095801830292,0.6784100532531738,-0.12097819149494171,0.2924453020095825,0.5428218841552734,-0.03555222973227501,0.27617359161376953,0.5144257545471191,-0.11211203783750534,0.3000677227973938,0.6299523711204529,-0.10590780526399612,0.32373619079589844,0.7043983340263367,-0.07816462963819504,0.23927584290504456,0.57928067445755,-0.0416765920817852,0.22973710298538208,0.5374956130981445,-0.09338077902793884,0.25307220220565796,0.6181951761245728,-0.08767435699701309,0.27603626251220703,0.6729987263679504,-0.06812793016433716
hello,0.35545602440834045,0.8678171634674072,-1.324228406929251e-07,0.434791624546051,0.8004759550094604,-0.05018465220928192,0.4915503263473511,0.6629418134689331,-0.06890925019979477,0.46520861983299255,0.55423504114151,-0.0845797061920166,0.40778878331184387,0.5155576467514038,-0.0988430380821228,0.43705230951309204,0.5111706852912903,-0.039491184055805206,0.43556147813796997,0.3485270142555237,-0.07786373794078827,0.42775651812553406,0.24692067503929138,-0.0985274463891983,0.4190307855606079,0.1614145040512085,-0.11230199784040451,0.37091031670570374,0.5221990942955017,-0.036911603063344955,0.3636448383331299,0.46908265352249146,-0.11670690029859543,0.37199312448501587,0.595112144947052,-0.13453693687915802,0.3840932250022888,0.6885031461715698,-0.12412718683481216,0.31301388144493103,0.5476250052452087,-0.03969963639974594,0.30501461029052734,0.5253819823265076,-0.11575425416231155,0.32499420642852783,0.6382439136505127,-0.10736887156963348,0.34325793385505676,0.7085651159286499,-0.07829895615577698,0.25835976004600525,0.5840887427330017,-0.046381108462810516,0.25187990069389343,0.5409243106842041,-0.09499834477901459,0.27327680587768555,0.619697093963623,-0.08457955718040466,0.2918519973754883,0.6719889640808105,-0.06179599091410637
hello,0.4068741798400879,0.8537933826446533,-1.352665179865653e-07,0.4919198453426361,0.7852908968925476,-0.04621639475226402,0.5499574542045593,0.6422159671783447,-0.06275754421949387,0.5246879458427429,0.531373143196106,-0.07732822000980377,0.4745701849460602,0.4929707646369934,-0.09106963872909546,0.4989818036556244,0.5020853877067566,-0.03562433645129204,0.5040535926818848,0.33537590503692627,-0.07375738769769669,0.502258837223053,0.22971674799919128,-0.09466733783483505,0.49957871437072754,0.14047762751579285,-0.10856036096811295,0.4313138723373413,0.510408878326416,-0.03478837013244629,0.4318511188030243,0.45313647389411926,-0.1162528544664383,0.43445077538490295,0.5857361555099487,-0.13298998773097992,0.4411483407020569,0.6862959861755371,-0.12050766497850418,0.37202125787734985,0.5328624844551086,-0.039078377187252045,0.3676097095012665,0.5033764839172363,-0.11437611281871796,0.3824310302734375,0.6203075647354126,-0.10310081392526627,0.39749976992607117,0.6961431503295898,-0.07157774269580841,0.31623905897140503,0.5675482153892517,-0.04707656055688858,0.3130664527416229,0.5185238718986511,-0.09349440783262253,0.331976979970932,0.6008527874946594,-0.08019258826971054,0.34823891520500183,0.656971275806427,-0.05534704402089119
hello,0.4713326096534729,0.8570815324783325,-1.3041210422670702e-07,0.5622124671936035,0.7983060479164124,-0.048261310905218124,0.6354654431343079,0.6560993790626526,-0.06601604074239731,0.6196067333221436,0.5302789807319641,-0.08119401335716248,0.5618510842323303,0.4816400408744812,-0.09591077268123627,0.5822613835334778,0.5050198435783386,-0.039436958730220795,0.5946800112724304,0.3338788151741028,-0.07819654792547226,0.5994325280189514,0.2270982563495636,-0.09921422600746155,0.6013880968093872,0.13615688681602478,-0.11316448450088501,0.5132936239242554,0.5090340971946716,-0.03817623481154442,0.5232670903205872,0.4490872323513031,-0.11861414462327957,0.5241494178771973,0.5828889012336731,-0.1348128765821457,0.5260581374168396,0.6822640299797058,-0.12315456569194794,0.45159339904785156,0.5293241143226624,-0.04165518283843994,0.4577942192554474,0.4918349087238312,-0.11770135909318924,0.4672046899795532,0.6140965223312378,-0.10387951135635376,0.47487398982048035,0.6935349702835083,-0.07116150856018066,0.3901199996471405,0.5627468824386597,-0.048883263021707535,0.39828500151634216,0.5111267566680908,-0.09654976427555084,0.4154379069805145,0.5960373878479004,-0.08119093626737595,0.4267108142375946,0.6541298031806946,-0.0549117811024189
hello,0.531558096408844,0.8938820362091064,-7.38884864404099e-08,0.6249911189079285,0.8359909057617188,-0.04841338470578194,0.7057285904884338,0.6930021643638611,-0.06859827786684036,0.6947134733200073,0.5636157989501953,-0.08762862533330917,0.6422998905181885,0.5055339336395264,-0.10584035515785217,0.6532012224197388,0.5258127450942993,-0.04079272225499153,0.6811259984970093,0.3512905240058899,-0.08574112504720688,0.6975101232528687,0.24047419428825378,-0.11045314371585846,0.7076728940010071,0.1444333791732788,-0.1260843575000763,0.5814283490180969,0.5254641175270081,-0.04219082370400429,0.6141780614852905,0.47930556535720825,-0.13144588470458984,0.6095521450042725,0.6247785687446594,-0.14903676509857178,0.5999280214309692,0.7249355912208557,-0.13618344068527222,0.5161166191101074,0.54244464635849,-0.04881484434008598,0.545106053352356,0.5188601613044739,-0.1334458589553833,0.5457525849342346,0.6529144644737244,-0.11760596930980682,0.5417765974998474,0.7319083213806152,-0.08100283145904541,0.44946736097335815,0.5737287402153015,-0.05919305607676506,0.479072242975235,0.5349297523498535,-0.11117630451917648,0.49279263615608215,0.6281657814979553,-0.09355797618627548,0.4952639937400818,0.6857671737670898,-0.06404998898506165
hello,0.5054981708526611,0.8972737789154053,-1.3724505265599873e-07,0.5998139977455139,0.8445006608963013,-0.049679819494485855,0.6795175671577454,0.7028467655181885,-0.06849711388349533,0.6726783514022827,0.5713919401168823,-0.08539217710494995,0.6241355538368225,0.5085652470588684,-0.1015794575214386,0.6350458860397339,0.5377557277679443,-0.041487809270620346,0.6595120429992676,0.360623300075531,-0.08410830795764923,0.6729897856712341,0.250898540019989,-0.10706909745931625,0.6832513809204102,0.15482214093208313,-0.12195050716400146,0.5635129809379578,0.5342138409614563,-0.0405864417552948,0.5880351662635803,0.48209884762763977,-0.12842662632465363,0.5766075253486633,0.6231012344360352,-0.14625608921051025,0.5670090317726135,0.7247240543365479,-0.1334235817193985,0.4995989501476288,0.5491412878036499,-0.044671181589365005,0.5197514295578003,0.520152747631073,-0.1278211623430252,0.5178859233856201,0.6523253917694092,-0.11385428160429001,0.5168273448944092,0.7355475425720215,-0.07856427133083344,0.43475139141082764,0.5795637369155884,-0.052533429116010666,0.45614752173423767,0.5396267175674438,-0.10529865324497223,0.4667109251022339,0.6320710182189941,-0.09058021754026413,0.47223541140556335,0.6923191547393799,-0.06295143812894821
hello,0.4288877546787262,0.8773338794708252,-1.516047802851972e-07,0.5160631537437439,0.8129039406776428,-0.04066355153918266,0.584148645401001,0.6698115468025208,-0.05434145778417587,0.577653169631958,0.5518475770950317,-0.06768043339252472,0.5170355439186096,0.5109671950340271,-0.08051082491874695,0.5387994647026062,0.5242934226989746,-0.03271631523966789,0.5518175959587097,0.34730851650238037,-0.06964543461799622,0.5549343824386597,0.2408658266067505,-0.08889256417751312,0.5559815168380737,0.14926180243492126,-0.10153252631425858,0.470660001039505,0.529597818851471,-0.03517141938209534,0.4765259623527527,0.46827808022499084,-0.11656105518341064,0.4744563698768616,0.602104902267456,-0.13263843953609467,0.4773285984992981,0.7030797600746155,-0.11958996951580048,0.4096183478832245,0.54881751537323,-0.041972097009420395,0.4095316231250763,0.5131065249443054,-0.11718758195638657,0.4204711616039276,0.6366084218025208,-0.10509495437145233,0.432393342256546,0.7168446779251099,-0.07306338101625443,0.35078954696655273,0.5803647041320801,-0.05225248634815216,0.3554271459579468,0.5363813042640686,-0.0991666242480278,0.37142470479011536,0.6227798461914062,-0.08565128594636917,0.38551321625709534,0.683495819568634,-0.06055564433336258
hello,0.3328471779823303,0.8485087156295776,-1.567225353937829e-07,0.4114293158054352,0.7838850021362305,-0.04766545817255974,0.46433669328689575,0.6414095759391785,-0.0638069286942482,0.4419364929199219,0.5271120667457581,-0.07747192680835724,0.38221612572669983,0.49697762727737427,-0.09015434980392456,0.4164009988307953,0.4990719258785248,-0.03825504705309868,0.4160884618759155,0.3352728486061096,-0.07394083589315414,0.40505361557006836,0.23698005080223083,-0.09235313534736633,0.3945985436439514,0.15273451805114746,-0.10516247153282166,0.35099196434020996,0.5087675452232361,-0.03561864048242569,0.3398880064487457,0.4543644189834595,-0.11533504724502563,0.34663528203964233,0.5785887837409973,-0.13277070224285126,0.35981428623199463,0.6716541051864624,-0.12187933921813965,0.2934911549091339,0.5324233770370483,-0.037863839417696,0.2795525789260864,0.5066614151000977,-0.11294090002775192,0.3017110228538513,0.6198981404304504,-0.10625524073839188,0.3238649070262909,0.6942546367645264,-0.07851330190896988,0.23945719003677368,0.5671650171279907,-0.04391166567802429,0.23238958418369293,0.5279905796051025,-0.09348239004611969,0.25509753823280334,0.6058796644210815,-0.08669231086969376,0.2774531841278076,0.6600555181503296,-0.06666485220193863
hello,0.31899234652519226,0.789434552192688,-1.1693126111822494e-07,0.39324891567230225,0.7189410924911499,-0.04918806627392769,0.4377082586288452,0.5885912775993347,-0.06678599119186401,0.412207692861557,0.4880039691925049,-0.08147274702787399,0.36884400248527527,0.44200676679611206,-0.0944233387708664,0.38716748356819153,0.45603519678115845,-0.038619790226221085,0.38243818283081055,0.30070850253105164,-0.07595741748809814,0.3712930679321289,0.20534875988960266,-0.0949169471859932,0.3615509271621704,0.12492609024047852,-0.10705740004777908,0.3255802094936371,0.47026586532592773,-0.03494717553257942,0.3108689785003662,0.4173661768436432,-0.11342521011829376,0.3203200697898865,0.5355014204978943,-0.1302167773246765,0.3370310068130493,0.6244078278541565,-0.11915288120508194,0.2726331353187561,0.4969469904899597,-0.03694937378168106,0.2583989202976227,0.4739820957183838,-0.11171428859233856,0.2818756699562073,0.5802590250968933,-0.10499828308820724,0.30589383840560913,0.6470414400100708,-0.07721710950136185,0.22373691201210022,0.5332583785057068,-0.04285087808966637,0.2132696956396103,0.49204081296920776,-0.09227015823125839,0.23566986620426178,0.5668566226959229,-0.08544178307056427,0.25764623284339905,0.6171772480010986,-0.06528367102146149
hello,0.36230701208114624,0.6869844198226929,-1.096878676776214e-07,0.4338884651660919,0.6170084476470947,-0.043566349893808365,0.47490090131759644,0.4926808178424835,-0.0585462786257267,0.4490978717803955,0.3978869318962097,-0.07179774343967438,0.404916375875473,0.35755980014801025,-0.08406159281730652,0.4274807572364807,0.3736162781715393,-0.03034331277012825,0.4234743118286133,0.22788049280643463,-0.06451386958360672,0.41428783535957336,0.13814860582351685,-0.0830020159482956,0.4059855341911316,0.06102347373962402,-0.09517360478639603,0.37074190378189087,0.3856505751609802,-0.028370508924126625,0.35904377698898315,0.3274833858013153,-0.10091070830821991,0.367768257856369,0.43605729937553406,-0.11807750910520554,0.38148099184036255,0.5207078456878662,-0.10878480970859528,0.3214249312877655,0.40955978631973267,-0.0316191166639328,0.30990323424339294,0.3775140345096588,-0.10075242817401886,0.33025822043418884,0.4787130057811737,-0.09501062333583832,0.35029348731040955,0.5458433628082275,-0.06929941475391388,0.27532437443733215,0.44274696707725525,-0.03835771232843399,0.2656484842300415,0.39945268630981445,-0.08373026549816132,0.28554844856262207,0.4689798355102539,-0.07711204886436462,0.30450159311294556,0.5186261534690857,-0.05825743451714516
hello,0.372824490070343,0.6820681095123291,-1.145252355172488e-07,0.4418981075286865,0.6151336431503296,-0.043540507555007935,0.48260563611984253,0.4895680248737335,-0.059052109718322754,0.4555132985115051,0.3948914110660553,-0.07237560302019119,0.4077472388744354,0.3575577437877655,-0.08466820418834686,0.43477392196655273,0.36386895179748535,-0.03222286328673363,0.4289705753326416,0.2202814817428589,-0.06637836247682571,0.4184752404689789,0.1311778724193573,-0.08491621166467667,0.4088402986526489,0.055648475885391235,-0.09705422818660736,0.3767242133617401,0.3775790333747864,-0.030081702396273613,0.366571843624115,0.32443496584892273,-0.10206054896116257,0.3766701817512512,0.43459856510162354,-0.11861524730920792,0.3912277817726135,0.5191375017166138,-0.10924101620912552,0.3262990713119507,0.40393930673599243,-0.032857343554496765,0.31710946559906006,0.37621864676475525,-0.10189221799373627,0.3387032151222229,0.4784906506538391,-0.09511659294366837,0.3584841191768646,0.5460495948791504,-0.06887559592723846,0.27939748764038086,0.44015994668006897,-0.039002690464258194,0.27322325110435486,0.3959629535675049,-0.08481867611408234,0.29553598165512085,0.46693873405456543,-0.07708403468132019,0.3149486482143402,0.5177716016769409,-0.05718313530087471
hello,0.5150359869003296,0.8608086109161377,-7.357137121744017e-08,0.6002134084701538,0.7925384044647217,-0.04645994305610657,0.669933021068573,0.6531723141670227,-0.06699716299772263,0.6522195339202881,0.5325957536697388,-0.08631043136119843,0.5915730595588684,0.48033231496810913,-0.1053413525223732,0.6136889457702637,0.48876774311065674,-0.041417207568883896,0.6301512718200684,0.3155595660209656,-0.08450572192668915,0.6395478844642639,0.20168232917785645,-0.10952427983283997,0.6434478759765625,0.10528945922851562,-0.1255597323179245,0.544097363948822,0.4905242323875427,-0.041868966072797775,0.5672551393508911,0.45315051078796387,-0.12311554700136185,0.5687379837036133,0.590691089630127,-0.13904140889644623,0.5652071237564087,0.686394453048706,-0.12797628343105316,0.4802933633327484,0.5133475065231323,-0.04709714278578758,0.49711737036705017,0.49429595470428467,-0.12331898510456085,0.5065896511077881,0.6170549988746643,-0.10777542740106583,0.5105674266815186,0.6913986206054688,-0.07469229400157928,0.4160115718841553,0.5517897605895996,-0.05609450116753578,0.43139761686325073,0.5171730518341064,-0.10316532850265503,0.4520608186721802,0.6021624803543091,-0.085758276283741,0.46221327781677246,0.6562906503677368,-0.057748012244701385
thanks,0.4143974483013153,1.0201777219772339,1.391163550579222e-06,0.5115251541137695,0.9729485511779785,-0.062123775482177734,0.5610014796257019,0.8435957431793213,-0.09127428382635117,0.48969846963882446,0.7395087480545044,-0.11962512880563736,0.41589024662971497,0.6719905138015747,-0.1435193121433258,0.5714133977890015,0.6041480898857117,-0.04493600130081177,0.6360157132148743,0.42214083671569824,-0.0903417244553566,0.6725066900253296,0.30547580122947693,-0.12001961469650269,0.7006121277809143,0.20174139738082886,-0.1405179351568222,0.4907427728176117,0.5783165097236633,-0.052742138504981995,0.5126687288284302,0.36447831988334656,-0.10940977931022644,0.5234088897705078,0.2233429253101349,-0.14800183475017548,0.5321379899978638,0.10127592086791992,-0.16835510730743408,0.4129837453365326,0.6037577390670776,-0.06703183054924011,0.4115466773509979,0.46706610918045044,-0.15652604401111603,0.41715967655181885,0.6156384348869324,-0.1661689579486847,0.41705265641212463,0.7283487319946289,-0.14583009481430054,0.3449805676937103,0.6698541045188904,-0.08554571121931076,0.33948594331741333,0.5946044325828552,-0.16595309972763062,0.36145517230033875,0.6995750665664673,-0.16749733686447144,0.3732913136482239,0.7879706621170044,-0.14787021279335022
thanks,0.40857434272766113,1.0295400619506836,1.390636271025869e-06,0.5020190477371216,0.9770596027374268,-0.06548905372619629,0.5356832146644592,0.8508020639419556,-0.09633886814117432,0.46770527958869934,0.7623741626739502,-0.12670321762561798,0.39218974113464355,0.7020484209060669,-0.1534302532672882,0.5417129993438721,0.6135187149047852,-0.049027007073163986,0.5911833047866821,0.42249375581741333,-0.09713207185268402,0.6189630627632141,0.3018835783004761,-0.1286887675523758,0.6391146183013916,0.19394418597221375,-0.15030331909656525,0.4617382287979126,0.5888240337371826,-0.05583634227514267,0.46832507848739624,0.37231701612472534,-0.1150197833776474,0.4685056805610657,0.23140519857406616,-0.1549970954656601,0.4685094654560089,0.10889118909835815,-0.17594510316848755,0.38734105229377747,0.6179550886154175,-0.06991006433963776,0.3720821440219879,0.47937265038490295,-0.16276925802230835,0.38110992312431335,0.626907229423523,-0.17733104526996613,0.3865683078765869,0.7408390045166016,-0.1595325767993927,0.32311293482780457,0.6880425810813904,-0.0883137583732605,0.30647754669189453,0.615168571472168,-0.17070837318897247,0.3294002413749695,0.7128913998603821,-0.1769186109304428,0.34707242250442505,0.797027051448822,-0.16088323295116425
thanks,0.40105879306793213,0.9979109764099121,1.3253245469968533e-06,0.484224796295166,0.9316048622131348,-0.05847474932670593,0.5066596269607544,0.7982339859008789,-0.08614420145750046,0.4333401322364807,0.7090938091278076,-0.11387928575277328,0.35911834239959717,0.6531997323036194,-0.13715589046478271,0.5153781175613403,0.5703250169754028,-0.04142095893621445,0.5616745948791504,0.3807222247123718,-0.0849057286977768,0.5863488912582397,0.26303988695144653,-0.11412476003170013,0.6039494276046753,0.1584598422050476,-0.13501863181591034,0.43790096044540405,0.5528123378753662,-0.05020866543054581,0.442702054977417,0.34061264991760254,-0.10560829937458038,0.43949514627456665,0.20547530055046082,-0.14503605663776398,0.4362110495567322,0.08753442764282227,-0.16656455397605896,0.365567147731781,0.5869351029396057,-0.06513195484876633,0.34629327058792114,0.4521937072277069,-0.1487780213356018,0.35883983969688416,0.5912849307060242,-0.1574273705482483,0.36560195684432983,0.6974920034408569,-0.13826805353164673,0.30461835861206055,0.6579223871231079,-0.08445708453655243,0.28263452649116516,0.5702562928199768,-0.15690195560455322,0.3073064684867859,0.6624245643615723,-0.15611319243907928,0.32471224665641785,0.7442193031311035,-0.13695548474788666
thanks,0.40665075182914734,0.9267522096633911,1.2475474022721755e-06,0.47710999846458435,0.8568453788757324,-0.06217116117477417,0.49229174852371216,0.7185656428337097,-0.0871545597910881,0.42443519830703735,0.6238701343536377,-0.11081942915916443,0.35576707124710083,0.5641182661056519,-0.12956446409225464,0.5035644769668579,0.5050428509712219,-0.033484239131212234,0.5471018552780151,0.32435470819473267,-0.06975728273391724,0.5692290663719177,0.2135147750377655,-0.09634426981210709,0.5870750546455383,0.11558470129966736,-0.1160343736410141,0.43301552534103394,0.48869550228118896,-0.03685468062758446,0.43393224477767944,0.2893516719341278,-0.08289554715156555,0.4297717809677124,0.16390568017959595,-0.11785787343978882,0.4285515248775482,0.05540916323661804,-0.13789138197898865,0.3666687607765198,0.5205684304237366,-0.04771493747830391,0.3433721363544464,0.38999873399734497,-0.12125718593597412,0.35235583782196045,0.517265796661377,-0.13140058517456055,0.35951706767082214,0.6178628206253052,-0.1165609210729599,0.31204065680503845,0.5854526162147522,-0.06376462429761887,0.28494489192962646,0.500535786151886,-0.12877775728702545,0.3064986765384674,0.5843462347984314,-0.13051630556583405,0.32367393374443054,0.658704936504364,-0.11584910750389099
thanks,0.426594614982605,0.9065622091293335,1.19118487873493e-06,0.49901407957077026,0.838266909122467,-0.05859852954745293,0.5168720483779907,0.7051776647567749,-0.08390707522630692,0.4561436176300049,0.6094837188720703,-0.10868456214666367,0.39694464206695557,0.540147602558136,-0.12911951541900635,0.5325192213058472,0.4881400167942047,-0.0363616980612278,0.5775563716888428,0.3091307580471039,-0.07622171938419342,0.6010035276412964,0.19923019409179688,-0.10424494743347168,0.6202343702316284,0.10154402256011963,-0.12331108003854752,0.4613356590270996,0.47025609016418457,-0.04173541069030762,0.46814635396003723,0.2692956328392029,-0.08974475413560867,0.4665174186229706,0.14327245950698853,-0.12428053468465805,0.4668925404548645,0.03078410029411316,-0.14268943667411804,0.3938705623149872,0.4998748302459717,-0.05410461127758026,0.37853294610977173,0.3702901303768158,-0.13073979318141937,0.3863830268383026,0.4973592162132263,-0.14253337681293488,0.391715943813324,0.5981795787811279,-0.12723246216773987,0.33698853850364685,0.5645034313201904,-0.07093663513660431,0.3157544434070587,0.4808756709098816,-0.1373525708913803,0.33765316009521484,0.5640771985054016,-0.13894391059875488,0.3552662134170532,0.6389691829681396,-0.12298324704170227
thanks,0.4231828451156616,0.9540144205093384,1.270207917514199e-06,0.5053549408912659,0.893548846244812,-0.06271282583475113,0.5311999917030334,0.7585687637329102,-0.09059933573007584,0.46755000948905945,0.664055347442627,-0.11700165271759033,0.39658644795417786,0.6027671098709106,-0.13887102901935577,0.5430066585540771,0.5319533348083496,-0.043641217052936554,0.5907183885574341,0.34715285897254944,-0.08601352572441101,0.6170520782470703,0.2325974404811859,-0.11531346291303635,0.63779616355896,0.13149669766426086,-0.13557973504066467,0.46780925989151,0.5115914344787598,-0.049125682562589645,0.4768684208393097,0.3058054745197296,-0.10040123015642166,0.4789423942565918,0.17633262276649475,-0.13635821640491486,0.48155802488327026,0.06382495164871216,-0.15562087297439575,0.396699458360672,0.5406929850578308,-0.061591170728206635,0.3822818100452423,0.408747136592865,-0.1418859362602234,0.3920559883117676,0.5428701639175415,-0.15201379358768463,0.39728325605392456,0.6470951437950134,-0.13467048108577728,0.33733561635017395,0.6063712239265442,-0.07885123044252396,0.3188878297805786,0.5193619728088379,-0.14857405424118042,0.3416530191898346,0.609256386756897,-0.1488126665353775,0.3569554090499878,0.6896752119064331,-0.13114003837108612
thanks,0.4216559827327728,0.963451623916626,1.275808017453528e-06,0.5043061971664429,0.9041857719421387,-0.06374923139810562,0.5293529629707336,0.7714288234710693,-0.09293802827596664,0.4657059609889984,0.6778498888015747,-0.12074670940637589,0.39478689432144165,0.6174022555351257,-0.14365540444850922,0.5430498123168945,0.5435994267463684,-0.04514468461275101,0.5922587513923645,0.3604453504085541,-0.0890597477555275,0.6191239356994629,0.24496087431907654,-0.11921089142560959,0.6398670673370361,0.14400887489318848,-0.14011839032173157,0.4674077033996582,0.5229761004447937,-0.05090545117855072,0.4693290591239929,0.31480473279953003,-0.1049269288778305,0.4670979380607605,0.182918518781662,-0.14288565516471863,0.46597224473953247,0.06964832544326782,-0.16346865892410278,0.3963180184364319,0.5526045560836792,-0.06351330131292343,0.381304532289505,0.4220995604991913,-0.14607279002666473,0.39240747690200806,0.5571700930595398,-0.156223326921463,0.3981100022792816,0.6614262461662292,-0.13843382894992828,0.3371281921863556,0.6182372570037842,-0.08098874241113663,0.3186769485473633,0.5322909951210022,-0.1520361304283142,0.3417242765426636,0.6222151517868042,-0.152278333902359,0.356942743062973,0.7025279998779297,-0.1342957317829132
thanks,0.4011312425136566,0.9654904007911682,1.2765627843691618e-06,0.4790651202201843,0.897919774055481,-0.059296734631061554,0.4969392418861389,0.7601479291915894,-0.08590822666883469,0.4254452586174011,0.6730793118476868,-0.11220336705446243,0.3542569577693939,0.6251071095466614,-0.13373889029026031,0.5107558369636536,0.5421130657196045,-0.04091319441795349,0.5562641024589539,0.3554345965385437,-0.08334667980670929,0.5803508162498474,0.24050167202949524,-0.11265447735786438,0.5985116958618164,0.13998836278915405,-0.13397617638111115,0.43622925877571106,0.5248351693153381,-0.04835383966565132,0.43555641174316406,0.3177163302898407,-0.10259222239255905,0.4307023882865906,0.1862156093120575,-0.14313380420207977,0.4270206391811371,0.07200321555137634,-0.1664276421070099,0.36576807498931885,0.5566219687461853,-0.06219026818871498,0.3432934582233429,0.42661044001579285,-0.14197273552417755,0.35571327805519104,0.5597895979881287,-0.15235692262649536,0.36356714367866516,0.6613657474517822,-0.1360294669866562,0.30792132019996643,0.6223562955856323,-0.08077339828014374,0.2861788868904114,0.5371407866477966,-0.14799362421035767,0.30916792154312134,0.6247360706329346,-0.148355633020401,0.3243345022201538,0.7002774477005005,-0.13197049498558044
thanks,0.4128137528896332,0.9837029576301575,1.2423221278368146e-06,0.4915725290775299,0.9114121198654175,-0.0580926388502121,0.5099446773529053,0.775613009929657,-0.08479271829128265,0.4399653673171997,0.6847276091575623,-0.11115369945764542,0.36884915828704834,0.6355687975883484,-0.132980614900589,0.5251133441925049,0.556814432144165,-0.04122113436460495,0.5728076696395874,0.3718308210372925,-0.08389287441968918,0.5972315669059753,0.25554266571998596,-0.11413203924894333,0.6144719123840332,0.1527687907218933,-0.1358419805765152,0.44876912236213684,0.5388150215148926,-0.04879650101065636,0.446444034576416,0.33277708292007446,-0.1030714362859726,0.43944117426872253,0.1995445191860199,-0.14376328885555267,0.43514007329940796,0.08255451917648315,-0.16692513227462769,0.3761938810348511,0.5705240964889526,-0.06206849589943886,0.3625398576259613,0.4412175714969635,-0.14069567620754242,0.3761533498764038,0.5742385983467102,-0.14907334744930267,0.38292497396469116,0.6755641102790833,-0.13136330246925354,0.3167344033718109,0.6368494033813477,-0.07997944951057434,0.29761791229248047,0.5473847389221191,-0.14609870314598083,0.32284998893737793,0.6356388330459595,-0.14331600069999695,0.33944833278656006,0.714733898639679,-0.12405160069465637
thanks,0.44359052181243896,0.9843810200691223,1.2189133258289075e-06,0.5301828384399414,0.9230504035949707,-0.05805418640375137,0.562008798122406,0.7930123805999756,-0.08526827394962311,0.5003587603569031,0.6938207149505615,-0.11249648034572601,0.4270399808883667,0.6348458528518677,-0.13510602712631226,0.5789782404899597,0.5599786043167114,-0.03891878202557564,0.6308294534683228,0.37785953283309937,-0.07988321781158447,0.6580020189285278,0.26216810941696167,-0.10775097459554672,0.6775407195091248,0.16119247674942017,-0.12706808745861053,0.49911466240882874,0.5362409949302673,-0.046821918338537216,0.5021717548370361,0.33030256628990173,-0.09815581142902374,0.49950265884399414,0.19706708192825317,-0.13280491530895233,0.49783894419670105,0.08296871185302734,-0.15089860558509827,0.4243675470352173,0.5651569366455078,-0.06088479980826378,0.4163604974746704,0.4325016140937805,-0.1399191915988922,0.4273080825805664,0.5692673325538635,-0.1455620378255844,0.43175816535949707,0.674877405166626,-0.12498736381530762,0.36097952723503113,0.6325970888137817,-0.07952333241701126,0.34854066371917725,0.5454475283622742,-0.14775308966636658,0.37235116958618164,0.6358174085617065,-0.1440473049879074,0.3872581124305725,0.7186672687530518,-0.12283828109502792
thanks,0.5017877221107483,0.96986985206604,1.2130986988267978e-06,0.5981836318969727,0.9146103262901306,-0.05878881737589836,0.6447805166244507,0.7826690673828125,-0.08632082492113113,0.5806335210800171,0.677892804145813,-0.11408370733261108,0.5094878673553467,0.6139384508132935,-0.13722580671310425,0.6541944146156311,0.5465821623802185,-0.042759060859680176,0.7069777846336365,0.35965561866760254,-0.08811691403388977,0.7371265292167664,0.2406347692012787,-0.11700532585382462,0.7607825398445129,0.13608738780021667,-0.13654500246047974,0.57389235496521,0.5205454230308533,-0.052397072315216064,0.5838245749473572,0.3065997362136841,-0.10770606249570847,0.5882703065872192,0.17099517583847046,-0.14282190799713135,0.5939633846282959,0.055081188678741455,-0.16085265576839447,0.49831873178482056,0.5471226572990417,-0.06865830719470978,0.49759113788604736,0.4103551506996155,-0.15377990901470184,0.5079070925712585,0.5543352961540222,-0.15898270905017853,0.5120965838432312,0.6626588106155396,-0.13664522767066956,0.43040183186531067,0.6145588159561157,-0.08948368579149246,0.42849868535995483,0.5275775194168091,-0.1617138683795929,0.4544087052345276,0.6218647956848145,-0.15868282318115234,0.46879690885543823,0.7023999094963074,-0.1375276893377304
thanks,0.43677908182144165,0.9631731510162354,1.3029979299972183e-06,0.5208508372306824,0.9039316773414612,-0.068294957280159,0.5456945896148682,0.7710680365562439,-0.0997297540307045,0.47809305787086487,0.6772151589393616,-0.12908445298671722,0.4069269001483917,0.6156429052352905,-0.15330523252487183,0.5556014180183411,0.5396915078163147,-0.04907109960913658,0.5999729633331299,0.3519173860549927,-0.09394899755716324,0.6249799728393555,0.23320159316062927,-0.12457836419343948,0.644663393497467,0.12921544909477234,-0.14609697461128235,0.4771404266357422,0.5196085572242737,-0.05312206596136093,0.46991413831710815,0.31149905920028687,-0.10900312662124634,0.4637027382850647,0.1753949224948883,-0.14778107404708862,0.4600580036640167,0.0591433048248291,-0.16896122694015503,0.40525054931640625,0.5502808094024658,-0.06465639173984528,0.38188663125038147,0.4204053282737732,-0.15062913298606873,0.3953699469566345,0.5577600598335266,-0.16291198134422302,0.4046277105808258,0.6650215983390808,-0.14596548676490784,0.3463418483734131,0.6166821718215942,-0.0813128799200058,0.32509535551071167,0.533098578453064,-0.15624560415744781,0.34866994619369507,0.6238278746604919,-0.15963739156723022,0.3658023476600647,0.7026630640029907,-0.1435512900352478
thanks,0.42761966586112976,0.9764984846115112,1.3075886045044172e-06,0.5135457515716553,0.9183653593063354,-0.06601113080978394,0.5399612784385681,0.786524772644043,-0.09667056053876877,0.4719889760017395,0.6959793567657471,-0.1254548877477646,0.3966381549835205,0.6434706449508667,-0.14971771836280823,0.5497761964797974,0.5550540089607239,-0.05004510283470154,0.5972398519515991,0.36707329750061035,-0.09599284827709198,0.6230922341346741,0.2481585144996643,-0.12655892968177795,0.6423718929290771,0.14533838629722595,-0.1470905840396881,0.4717748761177063,0.5341549515724182,-0.05547573044896126,0.46931156516075134,0.32174280285835266,-0.1112116351723671,0.46318474411964417,0.1857127845287323,-0.14844392240047455,0.458261102437973,0.07081359624862671,-0.1676708161830902,0.40008851885795593,0.564763069152832,-0.06780829280614853,0.38174325227737427,0.4352228045463562,-0.15206432342529297,0.39393073320388794,0.5694462060928345,-0.16115814447402954,0.4007759690284729,0.6739615797996521,-0.14173081517219543,0.34013575315475464,0.6316605806350708,-0.08511808514595032,0.32230454683303833,0.5428553819656372,-0.15683646500110626,0.34616410732269287,0.63282710313797,-0.1553230881690979,0.36213427782058716,0.7138791680335999,-0.13541924953460693
thanks,0.427054762840271,0.9649792313575745,1.2704119853879092e-06,0.5102291703224182,0.9063770174980164,-0.06629636138677597,0.5345712304115295,0.7745707035064697,-0.0959053486585617,0.4668121933937073,0.6821728348731995,-0.12338864803314209,0.3951345682144165,0.6245096921920776,-0.14592613279819489,0.55007404088974,0.5434668064117432,-0.04678916558623314,0.5968483090400696,0.3590870797634125,-0.09120096266269684,0.6221604943275452,0.2408834993839264,-0.12174568325281143,0.6409977078437805,0.13752225041389465,-0.14277702569961548,0.4728834629058838,0.5230579972267151,-0.051052920520305634,0.46909230947494507,0.31505540013313293,-0.10596732050180435,0.46273940801620483,0.17992737889289856,-0.14474648237228394,0.458389550447464,0.06349796056747437,-0.16547846794128418,0.40183186531066895,0.5534220337867737,-0.062325507402420044,0.38053324818611145,0.4270351529121399,-0.14679187536239624,0.39128589630126953,0.5612643957138062,-0.15870879590511322,0.39784085750579834,0.6652871370315552,-0.1412629634141922,0.34279000759124756,0.6192459464073181,-0.07845314592123032,0.3208122253417969,0.5324146747589111,-0.15087035298347473,0.34304237365722656,0.6225881576538086,-0.15166400372982025,0.3592913746833801,0.7031285166740417,-0.1334996372461319
thanks,0.433389276266098,0.9587695598602295,1.2781224540958647e-06,0.5163869261741638,0.8975688219070435,-0.06463565677404404,0.5395987033843994,0.7636053562164307,-0.09379304945468903,0.4721747636795044,0.6686373949050903,-0.12123053520917892,0.40161651372909546,0.6125831604003906,-0.14365173876285553,0.5555999875068665,0.5393223166465759,-0.04466131329536438,0.6027557849884033,0.35437697172164917,-0.08797191828489304,0.6289276480674744,0.2374221384525299,-0.11727666854858398,0.648326575756073,0.1353674829006195,-0.1374824345111847,0.4783940315246582,0.5184371471405029,-0.04957745969295502,0.4740908741950989,0.30984199047088623,-0.10431196540594101,0.4668322801589966,0.17439627647399902,-0.14197266101837158,0.46181654930114746,0.05885303020477295,-0.1616097092628479,0.40699464082717896,0.5480554103851318,-0.06146501377224922,0.38708794116973877,0.42040520906448364,-0.1453709751367569,0.39795446395874023,0.5563489198684692,-0.15570561587810516,0.4048117697238922,0.6610708236694336,-0.1369992196559906,0.34788691997528076,0.613489031791687,-0.07817217707633972,0.3264161944389343,0.5277419686317444,-0.14999859035015106,0.3488629460334778,0.6184020042419434,-0.15014544129371643,0.36549830436706543,0.6989669799804688,-0.13145959377288818
thanks,0.43311944603919983,0.9635344743728638,1.3031369689997518e-06,0.5172737240791321,0.9151600003242493,-0.07202506810426712,0.5463908910751343,0.7853951454162598,-0.10589736700057983,0.47904592752456665,0.6919098496437073,-0.13689780235290527,0.4070679545402527,0.6275749206542969,-0.16339318454265594,0.5543264150619507,0.5485725998878479,-0.057524118572473526,0.6049450635910034,0.3613017201423645,-0.10514790564775467,0.6321296691894531,0.24267050623893738,-0.13695058226585388,0.6527316570281982,0.13878124952316284,-0.1588156670331955,0.47677960991859436,0.5298143029212952,-0.06092169135808945,0.4756375551223755,0.31618452072143555,-0.11847347021102905,0.4705056846141815,0.1839560866355896,-0.158412903547287,0.46633732318878174,0.06804800033569336,-0.18025624752044678,0.40508222579956055,0.5604562163352966,-0.07139401137828827,0.3881641626358032,0.4325173497200012,-0.16005177795886993,0.4029364287853241,0.5687537789344788,-0.1729307770729065,0.4106423258781433,0.6738848686218262,-0.1561005711555481,0.34388867020606995,0.6270341277122498,-0.0869111642241478,0.3293004631996155,0.5384848117828369,-0.16382399201393127,0.35638993978500366,0.6318663954734802,-0.1660175770521164,0.3727678060531616,0.7144903540611267,-0.1488133668899536
thanks,0.43845275044441223,0.9522804021835327,1.258019324268389e-06,0.5207379460334778,0.8921613693237305,-0.06393842399120331,0.5479252338409424,0.7574338912963867,-0.0917571485042572,0.48318415880203247,0.6577032804489136,-0.11805552244186401,0.4177941381931305,0.5904594659805298,-0.1390659362077713,0.5644408464431763,0.5318716168403625,-0.04038640484213829,0.612882137298584,0.3495801091194153,-0.081789530813694,0.6398953199386597,0.23304483294487,-0.11018180847167969,0.6615445017814636,0.13166531920433044,-0.12968629598617554,0.48769044876098633,0.5109164118766785,-0.0450589619576931,0.4857662320137024,0.30344676971435547,-0.09721121937036514,0.4815008342266083,0.1688537299633026,-0.13347606360912323,0.4805256426334381,0.0544966459274292,-0.15245206654071808,0.41635531187057495,0.5399845838546753,-0.05696633458137512,0.4020160138607025,0.414007306098938,-0.13919155299663544,0.41154879331588745,0.5510138273239136,-0.14877459406852722,0.4164482653141022,0.6554657220840454,-0.1299973726272583,0.35643431544303894,0.6046426892280579,-0.07372947037220001,0.339847207069397,0.5198681354522705,-0.14472302794456482,0.36169981956481934,0.6123671531677246,-0.14442293345928192,0.3763006627559662,0.6926612257957458,-0.12560516595840454
thanks,0.43410003185272217,0.9528499841690063,1.235431795976183e-06,0.5178107619285583,0.8927892446517944,-0.06398587673902512,0.5449246168136597,0.7579598426818848,-0.09138485044240952,0.47898441553115845,0.6605156660079956,-0.11723905801773071,0.4092857241630554,0.5969436764717102,-0.13789279758930206,0.5605382919311523,0.5294997096061707,-0.03944101557135582,0.6055500507354736,0.3480954170227051,-0.08090805262327194,0.6313166618347168,0.2322697639465332,-0.11033755540847778,0.651563286781311,0.13068881630897522,-0.13097523152828217,0.4837314486503601,0.5094526410102844,-0.044281765818595886,0.4803907871246338,0.30518195033073425,-0.09603611379861832,0.4751451313495636,0.17137926816940308,-0.13337841629981995,0.47266748547554016,0.05680489540100098,-0.15372498333454132,0.41242045164108276,0.5395984053611755,-0.056491684168577194,0.3956732749938965,0.41312283277511597,-0.13782469928264618,0.40574830770492554,0.5470418334007263,-0.14852041006088257,0.41122862696647644,0.6503464579582214,-0.13109104335308075,0.3527824282646179,0.6046801805496216,-0.07364583760499954,0.3343340754508972,0.5189087390899658,-0.14381961524486542,0.3564695119857788,0.6082662343978882,-0.14429080486297607,0.3715192675590515,0.6871829032897949,-0.12657131254673004
thanks,0.41944020986557007,0.957228422164917,1.2551500958579709e-06,0.4978592097759247,0.8917479515075684,-0.06330376863479614,0.515521228313446,0.7552582621574402,-0.09007172286510468,0.44701868295669556,0.666195809841156,-0.11504265666007996,0.3797064423561096,0.6106986999511719,-0.13509458303451538,0.5336080193519592,0.5378420352935791,-0.04432879388332367,0.5833189487457275,0.35147297382354736,-0.08656682819128036,0.6093775033950806,0.2358803153038025,-0.1153312548995018,0.6297117471694946,0.13322734832763672,-0.13567976653575897,0.4575592875480652,0.5169322490692139,-0.04837457463145256,0.4548968970775604,0.30747562646865845,-0.10023075342178345,0.4497773349285126,0.1751425862312317,-0.13658632338047028,0.4472174644470215,0.059472084045410156,-0.15668413043022156,0.38684502243995667,0.545723557472229,-0.05945919454097748,0.3665667474269867,0.40964624285697937,-0.1407480090856552,0.3778457045555115,0.5455948114395142,-0.15206706523895264,0.3848816454410553,0.6517345905303955,-0.13564328849315643,0.32904165983200073,0.6107318997383118,-0.07531676441431046,0.3095577359199524,0.5251263976097107,-0.14595992863178253,0.331520140171051,0.6137950420379639,-0.14809288084506989,0.34708479046821594,0.6911895275115967,-0.1321033239364624
thanks,0.3924565017223358,0.9612389802932739,1.2284831427678e-06,0.4600459933280945,0.8988944292068481,-0.06793666630983353,0.4720343053340912,0.7708954215049744,-0.09774966537952423,0.41102367639541626,0.6827046275138855,-0.125266432762146,0.3442166745662689,0.6199374198913574,-0.1480209231376648,0.49231740832328796,0.5394562482833862,-0.04674360156059265,0.5340986847877502,0.35280564427375793,-0.09049197286367416,0.5540770292282104,0.2362304925918579,-0.12132862955331802,0.5687527656555176,0.13242310285568237,-0.1428641676902771,0.4180675745010376,0.5225694179534912,-0.04870232194662094,0.40626561641693115,0.3177030086517334,-0.10293526202440262,0.39332541823387146,0.18851390480995178,-0.14315202832221985,0.3835591673851013,0.07330670952796936,-0.16529078781604767,0.34998080134391785,0.5552234649658203,-0.05777304992079735,0.31734752655029297,0.43299001455307007,-0.14135076105594635,0.32932689785957336,0.5638734698295593,-0.15650227665901184,0.3395991921424866,0.6655954122543335,-0.14207999408245087,0.2955035865306854,0.6208975315093994,-0.07173331081867218,0.26291754841804504,0.5366711020469666,-0.1440226435661316,0.2833905816078186,0.6233332753181458,-0.14765582978725433,0.30309614539146423,0.700102686882019,-0.13213525712490082
thanks,0.4435836970806122,0.9931625127792358,1.1955762602156028e-06,0.5293477773666382,0.9290196895599365,-0.059857312589883804,0.5601677298545837,0.7991718649864197,-0.08782009780406952,0.49292606115341187,0.7046464681625366,-0.11589697003364563,0.4195233881473541,0.6470699906349182,-0.1399189531803131,0.5657601952552795,0.5594441890716553,-0.03930605575442314,0.6113905906677246,0.3736363649368286,-0.08215171098709106,0.6347835659980774,0.25266027450561523,-0.11149019002914429,0.6500148773193359,0.1488485038280487,-0.13075774908065796,0.48306703567504883,0.5414256453514099,-0.04670735448598862,0.4750099778175354,0.3308066725730896,-0.10115554928779602,0.46416017413139343,0.19402244687080383,-0.13988769054412842,0.4554609954357147,0.0774192214012146,-0.15932482481002808,0.40981417894363403,0.5767005085945129,-0.06015751510858536,0.39526236057281494,0.4548135995864868,-0.1427209973335266,0.41129162907600403,0.5890262722969055,-0.15313495695590973,0.4200754463672638,0.6942397356033325,-0.13380564749240875,0.3510029911994934,0.648456871509552,-0.07783087342977524,0.3316345810890198,0.5593828558921814,-0.1460014283657074,0.35878920555114746,0.6441552639007568,-0.1424841284751892,0.37956446409225464,0.7252870798110962,-0.12064869701862335
thanks,0.5577082633972168,0.9894968271255493,1.2944708487339085e-06,0.6585178971290588,0.9376479387283325,-0.056126464158296585,0.7188690900802612,0.8179428577423096,-0.08662926405668259,0.6598852872848511,0.7192146182060242,-0.11855709552764893,0.5869203805923462,0.6587515473365784,-0.14754937589168549,0.7214260101318359,0.5676907896995544,-0.04521274194121361,0.7874821424484253,0.3846777081489563,-0.09282528609037399,0.8265912532806396,0.2637702524662018,-0.12344584614038467,0.8557678461074829,0.1583801805973053,-0.142656147480011,0.6367360949516296,0.5406517386436462,-0.05602923035621643,0.6476254463195801,0.3210434317588806,-0.11350779980421066,0.6493812799453735,0.18015170097351074,-0.15053178369998932,0.6504414081573486,0.05997437238693237,-0.16850915551185608,0.5592050552368164,0.5688910484313965,-0.07214291393756866,0.5659934282302856,0.44001972675323486,-0.15909990668296814,0.5794073939323425,0.5816010236740112,-0.1668676733970642,0.58347487449646,0.6910955309867859,-0.14494915306568146,0.49032920598983765,0.6383252739906311,-0.09187161177396774,0.4977981746196747,0.557927131652832,-0.16363565623760223,0.5244577527046204,0.6567713618278503,-0.15820574760437012,0.5391029119491577,0.7442028522491455,-0.1340382695198059
thanks,0.6601695418357849,1.0054516792297363,1.3038849147051224e-06,0.7698491811752319,0.960701584815979,-0.05878148227930069,0.841566801071167,0.8434963822364807,-0.0896846130490303,0.7902427315711975,0.7458049058914185,-0.12217692285776138,0.720494270324707,0.6778756976127625,-0.1518130898475647,0.8342968225479126,0.580922544002533,-0.04751839488744736,0.902251124382019,0.3923884332180023,-0.09916402399539948,0.9425939321517944,0.26948896050453186,-0.13140049576759338,0.9727692008018494,0.16243553161621094,-0.15056444704532623,0.7460977435112,0.5555825233459473,-0.059255730360746384,0.7559552192687988,0.327928751707077,-0.12185687571763992,0.7590320706367493,0.18435299396514893,-0.16062286496162415,0.758878767490387,0.06374245882034302,-0.1779298037290573,0.6642526388168335,0.583538293838501,-0.07723265886306763,0.6787915825843811,0.4646131694316864,-0.1733497679233551,0.7033627033233643,0.6123600602149963,-0.18680855631828308,0.7127730250358582,0.724822998046875,-0.16592776775360107,0.5894799828529358,0.6509392857551575,-0.09860900789499283,0.6162299513816833,0.586450457572937,-0.17805737257003784,0.6473617553710938,0.6939773559570312,-0.17733986675739288,0.6608782410621643,0.7839879989624023,-0.15488077700138092
thanks,0.712689995765686,1.0638213157653809,1.2487447520470596e-06,0.8258141875267029,1.0272597074508667,-0.06052243709564209,0.8998427987098694,0.905716061592102,-0.08906382322311401,0.8588930368423462,0.7933663725852966,-0.11832761019468307,0.7949917316436768,0.7169066667556763,-0.14512118697166443,0.9033761024475098,0.654155969619751,-0.045851077884435654,0.9739360809326172,0.47742220759391785,-0.09269058704376221,1.0096914768218994,0.3670516312122345,-0.12126099318265915,1.0356160402297974,0.27032768726348877,-0.1388133019208908,0.8159690499305725,0.6183997392654419,-0.05619587376713753,0.8358834981918335,0.38629594445228577,-0.11869163811206818,0.840886652469635,0.23460787534713745,-0.15784306824207306,0.8434502482414246,0.10203438997268677,-0.17549245059490204,0.7306574583053589,0.6419649124145508,-0.07251399010419846,0.7487870454788208,0.5110847353935242,-0.17500485479831696,0.7643476128578186,0.6679868102073669,-0.19101937115192413,0.7713550329208374,0.7891639471054077,-0.17049989104270935,0.6479738354682922,0.7090128064155579,-0.09146088361740112,0.6701455116271973,0.6404945254325867,-0.18309354782104492,0.6985031962394714,0.7599092721939087,-0.18735888600349426,0.7166762948036194,0.8635101318359375,-0.16666941344738007
thanks,0.6197611093521118,1.0316126346588135,1.3099748912281939e-06,0.729002058506012,0.9783589839935303,-0.06280667334794998,0.7946799993515015,0.8618674874305725,-0.09714174270629883,0.7398903369903564,0.758657693862915,-0.1322668343782425,0.6649280190467834,0.687763512134552,-0.16418133676052094,0.792340099811554,0.5942870378494263,-0.05698414146900177,0.8559495806694031,0.39951151609420776,-0.10963845252990723,0.8926377296447754,0.27427437901496887,-0.14401590824127197,0.9208295345306396,0.1643628478050232,-0.16578152775764465,0.7019490599632263,0.5733137130737305,-0.06603697687387466,0.7065876126289368,0.3540147840976715,-0.12872734665870667,0.7037664651870728,0.20859530568122864,-0.17027384042739868,0.7004330158233643,0.08709782361984253,-0.1921193152666092,0.6190046072006226,0.6080040335655212,-0.08073457330465317,0.6256848573684692,0.48614946007728577,-0.17037080228328705,0.6472053527832031,0.6303856372833252,-0.17894507944583893,0.6570805311203003,0.7410114407539368,-0.1581411212682724,0.546916127204895,0.6814584732055664,-0.09974797070026398,0.5589908361434937,0.6005942821502686,-0.1726377159357071,0.5848414301872253,0.7026249170303345,-0.16820085048675537,0.5987161993980408,0.791415810585022,-0.1452038586139679
thanks,0.5347166657447815,1.0275276899337769,1.238733489117294e-06,0.6347722411155701,0.9845181703567505,-0.06875480711460114,0.691653311252594,0.8840728998184204,-0.10958040505647659,0.6357707381248474,0.7852017283439636,-0.15034045279026031,0.5626862049102783,0.7103053331375122,-0.18767164647579193,0.7013195157051086,0.6117027997970581,-0.06635940074920654,0.7590198516845703,0.41306596994400024,-0.12233057618141174,0.790017306804657,0.28759029507637024,-0.15849453210830688,0.8146485090255737,0.17373448610305786,-0.18190692365169525,0.6122044920921326,0.5902495980262756,-0.07331132888793945,0.6081721782684326,0.37416622042655945,-0.1409531831741333,0.5965615510940552,0.23263248801231384,-0.18512815237045288,0.5873693227767944,0.10456949472427368,-0.208220973610878,0.5324721932411194,0.6246033310890198,-0.08586040884256363,0.5232494473457336,0.5083945989608765,-0.18214724957942963,0.5414090156555176,0.6612695455551147,-0.19411911070346832,0.5526307225227356,0.7723129987716675,-0.17441314458847046,0.46370577812194824,0.6984592080116272,-0.10284888744354248,0.4651723802089691,0.632385790348053,-0.18216824531555176,0.4867403507232666,0.7358756065368652,-0.18173672258853912,0.501248300075531,0.8204379081726074,-0.1607353687286377
thanks,0.46452873945236206,1.015004277229309,1.2519860774773406e-06,0.5555198788642883,0.9575278759002686,-0.06878633797168732,0.5862550735473633,0.8349096775054932,-0.10236171633005142,0.5197926759719849,0.7421852946281433,-0.1342778354883194,0.4433269500732422,0.6797476410865784,-0.16269010305404663,0.5931891202926636,0.5874045491218567,-0.05634625256061554,0.6403972506523132,0.3897815942764282,-0.10505221039056778,0.667594850063324,0.2659296989440918,-0.1378069967031479,0.687778115272522,0.15355265140533447,-0.1600528210401535,0.5075696110725403,0.5656300187110901,-0.06031793728470802,0.49131011962890625,0.3498828709125519,-0.11830231547355652,0.47181233763694763,0.21321281790733337,-0.15805566310882568,0.45597943663597107,0.09365826845169067,-0.1794031858444214,0.4324007034301758,0.6000491976737976,-0.07070142775774002,0.4080205261707306,0.4668846130371094,-0.1587419956922531,0.41994866728782654,0.6064702272415161,-0.1703275740146637,0.4281079173088074,0.7161663770675659,-0.15211497247219086,0.3706015348434448,0.6736013293266296,-0.08584482967853546,0.34882932901382446,0.5870906710624695,-0.16229306161403656,0.36945784091949463,0.6817450523376465,-0.16303209960460663,0.38735711574554443,0.7662898302078247,-0.14367987215518951
thanks,0.40121009945869446,0.9557859897613525,1.1909894510608865e-06,0.47216373682022095,0.8934784531593323,-0.06493864953517914,0.49009907245635986,0.7717297077178955,-0.09511241316795349,0.4295462369918823,0.6911055445671082,-0.1235758438706398,0.3582349717617035,0.6423189043998718,-0.1486806720495224,0.5045257210731506,0.5420912504196167,-0.05150843784213066,0.5476540923118591,0.35083916783332825,-0.09527939558029175,0.5701225399971008,0.23423030972480774,-0.12447536736726761,0.587828516960144,0.1275261640548706,-0.1441648304462433,0.42568066716194153,0.5215297341346741,-0.054762132465839386,0.4052630662918091,0.31394273042678833,-0.10686684399843216,0.38477134704589844,0.1863381266593933,-0.14302943646907806,0.37025773525238037,0.07260125875473022,-0.16208289563655853,0.3564091920852661,0.5538722276687622,-0.06411628425121307,0.3278272747993469,0.43410179018974304,-0.1462576985359192,0.34210580587387085,0.5683392286300659,-0.15843956172466278,0.3529273569583893,0.6720483899116516,-0.14178228378295898,0.3019822835922241,0.6220217943191528,-0.07794024795293808,0.27654287219047546,0.5412898659706116,-0.14841893315315247,0.29745447635650635,0.6316185593605042,-0.1482791304588318,0.3167702257633209,0.7118446826934814,-0.12963366508483887
thanks,0.36616021394729614,0.9242966175079346,1.2102872233299422e-06,0.41789510846138,0.8627650737762451,-0.07299182564020157,0.4194144010543823,0.7420295476913452,-0.10666494071483612,0.36450305581092834,0.6640941500663757,-0.13711415231227875,0.29612064361572266,0.6082928776741028,-0.1635025441646576,0.43816035985946655,0.5139907598495483,-0.05644780024886131,0.47250813245773315,0.3316337466239929,-0.10142498463392258,0.4882258176803589,0.21812653541564941,-0.13390912115573883,0.5000811815261841,0.11642587184906006,-0.15682591497898102,0.36520081758499146,0.5007110238075256,-0.055179983377456665,0.33929935097694397,0.3043903708457947,-0.10966583341360092,0.3162311315536499,0.17952698469161987,-0.15076512098312378,0.29848676919937134,0.06595200300216675,-0.17451082170009613,0.3010651469230652,0.5360504984855652,-0.0609806627035141,0.25858497619628906,0.41998493671417236,-0.14285382628440857,0.2712928354740143,0.5449488759040833,-0.16057728230953217,0.2852713465690613,0.6428296566009521,-0.1496075838804245,0.25340038537979126,0.6016940474510193,-0.07206624746322632,0.21297727525234222,0.5270295739173889,-0.14268489181995392,0.23229281604290009,0.6083515882492065,-0.14903873205184937,0.25497448444366455,0.6802188158035278,-0.1369481384754181
thanks,0.3351649343967438,0.9204517602920532,1.1820845884358278e-06,0.39096730947494507,0.8642337918281555,-0.07139609009027481,0.3980238735675812,0.7505049705505371,-0.10629168152809143,0.3463764786720276,0.6730640530586243,-0.13822761178016663,0.28027451038360596,0.6150436997413635,-0.16641615331172943,0.4158405065536499,0.5195841789245605,-0.05922113358974457,0.4516211748123169,0.34232059121131897,-0.10703737288713455,0.46819937229156494,0.23015636205673218,-0.14181400835514069,0.4804271161556244,0.1285102367401123,-0.16624830663204193,0.3423801362514496,0.5075005292892456,-0.059269968420267105,0.31810906529426575,0.3124474287033081,-0.1167595162987709,0.29444512724876404,0.18872645497322083,-0.15985506772994995,0.27650654315948486,0.07457157969474792,-0.18483273684978485,0.27776092290878296,0.5433985590934753,-0.06573844701051712,0.23809915781021118,0.4257878065109253,-0.15070317685604095,0.250057190656662,0.5516374111175537,-0.1677704006433487,0.2640478312969208,0.6501211524009705,-0.15577511489391327,0.22945235669612885,0.6103171110153198,-0.07705727219581604,0.1899631917476654,0.5364794731140137,-0.1505802720785141,0.21060487627983093,0.619813084602356,-0.1560911238193512,0.2350919246673584,0.692619800567627,-0.14254239201545715
thanks,0.36601608991622925,0.9299616813659668,1.1931631433981238e-06,0.4283113479614258,0.8684062957763672,-0.0698397234082222,0.43689993023872375,0.747552216053009,-0.10209952294826508,0.3771663308143616,0.6666504144668579,-0.13135671615600586,0.31081902980804443,0.6148006319999695,-0.15676558017730713,0.4566820561885834,0.5263853073120117,-0.055045630782842636,0.49675410985946655,0.34663450717926025,-0.10032381862401962,0.515715479850769,0.23194921016693115,-0.13280534744262695,0.528844952583313,0.13043272495269775,-0.15545520186424255,0.3820907771587372,0.5122487545013428,-0.05532122030854225,0.36101678013801575,0.31487149000167847,-0.11142727732658386,0.3407457172870636,0.18695026636123657,-0.15380607545375824,0.32562416791915894,0.07169169187545776,-0.1779208928346634,0.31492990255355835,0.5452736020088196,-0.061915088444948196,0.2826153039932251,0.4282234311103821,-0.14537009596824646,0.295103520154953,0.5546141862869263,-0.16205814480781555,0.3061266839504242,0.6532427668571472,-0.1494177281856537,0.26243600249290466,0.6093324422836304,-0.07321128249168396,0.22791434824466705,0.5293377041816711,-0.14434798061847687,0.24833698570728302,0.6134921908378601,-0.14797095954418182,0.26945793628692627,0.6882997751235962,-0.1330289989709854
thanks,0.39317142963409424,0.9411122798919678,1.1769104730774416e-06,0.46669042110443115,0.8775349855422974,-0.06217445060610771,0.4861606955528259,0.7538886070251465,-0.09244324266910553,0.42387786507606506,0.6685836911201477,-0.12148501724004745,0.35305893421173096,0.620235800743103,-0.1469130665063858,0.4995642602443695,0.53123539686203,-0.049149539321660995,0.5444557666778564,0.3509575128555298,-0.0936545878648758,0.5669919848442078,0.23535382747650146,-0.12466831505298615,0.5825357437133789,0.13366082310676575,-0.14613620936870575,0.42307814955711365,0.5133104920387268,-0.054234981536865234,0.4082793891429901,0.3117813467979431,-0.10949268192052841,0.3922179937362671,0.18113595247268677,-0.14977189898490906,0.3799384534358978,0.06523331999778748,-0.1721082329750061,0.3533495366573334,0.546135425567627,-0.064911849796772,0.33080828189849854,0.4239434599876404,-0.14690031111240387,0.3446737229824066,0.5527573823928833,-0.15961480140686035,0.35351940989494324,0.6535436511039734,-0.14400723576545715,0.29808932542800903,0.6123436689376831,-0.07984983921051025,0.2714155316352844,0.5281250476837158,-0.14902788400650024,0.29459166526794434,0.6122542023658752,-0.14918629825115204,0.31446373462677,0.6892746686935425,-0.13139432668685913
thanks,0.4348691701889038,0.9580107927322388,1.2172192782600177e-06,0.5224121809005737,0.9034456014633179,-0.06264041364192963,0.557996392250061,0.7799873948097229,-0.09404344111680984,0.4960627257823944,0.6909958720207214,-0.12459444999694824,0.42327770590782166,0.6365867853164673,-0.15152473747730255,0.5732300281524658,0.5466455221176147,-0.051879629492759705,0.6255624890327454,0.3667723834514618,-0.09845849126577377,0.6539034843444824,0.24927765130996704,-0.12973615527153015,0.6742165088653564,0.14558106660842896,-0.15111273527145386,0.49174466729164124,0.5227823257446289,-0.05934040620923042,0.4869745671749115,0.3170100152492523,-0.1177641823887825,0.4776938557624817,0.18190410733222961,-0.1580546349287033,0.47097575664520264,0.0629851222038269,-0.179801344871521,0.41659441590309143,0.5520424246788025,-0.07245396077632904,0.4064529836177826,0.43152356147766113,-0.15915001928806305,0.4184703826904297,0.5689166188240051,-0.16993814706802368,0.4243062436580658,0.6738545894622803,-0.1516912579536438,0.3534125089645386,0.618577241897583,-0.08986866474151611,0.34238508343696594,0.5359067320823669,-0.1625586748123169,0.36647480726242065,0.627327024936676,-0.16111892461776733,0.382761687040329,0.7087368965148926,-0.14129959046840668
thanks,0.4752902388572693,0.9645073413848877,1.2140601484134095e-06,0.5682690739631653,0.909703254699707,-0.05809272453188896,0.6148569583892822,0.7816311120986938,-0.08545008301734924,0.5551145672798157,0.6832081079483032,-0.11298542469739914,0.4846414625644684,0.624206006526947,-0.13643310964107513,0.6268318891525269,0.5470010638237,-0.03987690806388855,0.6851679682731628,0.36611753702163696,-0.0829947218298912,0.7192009687423706,0.24895042181015015,-0.11120660603046417,0.7440478801727295,0.1463385820388794,-0.12977544963359833,0.5440985560417175,0.5207732915878296,-0.04823317751288414,0.5446088910102844,0.3076484799385071,-0.10305020958185196,0.5408901572227478,0.17282196879386902,-0.1388116180896759,0.5384929776191711,0.0576898455619812,-0.15621672570705414,0.4687154293060303,0.5474105477333069,-0.06265290081501007,0.4671937823295593,0.4218062460422516,-0.14789414405822754,0.47955524921417236,0.5623289942741394,-0.1560276299715042,0.4841877222061157,0.6699044108390808,-0.1347128003835678,0.402612566947937,0.6113205552101135,-0.0810946598649025,0.3997909128665924,0.5277852416038513,-0.1524156779050827,0.42368584871292114,0.6212418079376221,-0.14905580878257751,0.43842053413391113,0.7032066583633423,-0.127028688788414
thanks,0.5326799750328064,0.9837542772293091,1.201116674565128e-06,0.6299847364425659,0.9395696520805359,-0.058661218732595444,0.6934180855751038,0.8180763125419617,-0.08693142235279083,0.638715386390686,0.7130222320556641,-0.11525095999240875,0.5684483647346497,0.6463564038276672,-0.13966038823127747,0.7010101079940796,0.5631469488143921,-0.04178930073976517,0.7680865526199341,0.38344883918762207,-0.08669202029705048,0.8069788217544556,0.2661004066467285,-0.11584155261516571,0.835677981376648,0.16298338770866394,-0.13478931784629822,0.6176192760467529,0.533298909664154,-0.05054756999015808,0.6262842416763306,0.3173659145832062,-0.10615414381027222,0.6262913942337036,0.18147888779640198,-0.14271502196788788,0.6259943842887878,0.06434798240661621,-0.1605948507785797,0.5407307147979736,0.5588497519493103,-0.06504017859697342,0.5498804450035095,0.4311003088951111,-0.15190207958221436,0.5626656413078308,0.5735957026481628,-0.16082517802715302,0.5660791397094727,0.6815013289451599,-0.14005590975284576,0.47261208295822144,0.6257555484771729,-0.08340858668088913,0.48353075981140137,0.5550966262817383,-0.15835689008235931,0.5092793107032776,0.6563814878463745,-0.1567678600549698,0.5230077505111694,0.7411447763442993,-0.13499975204467773
thanks,0.5887662768363953,1.0409579277038574,1.385098244099936e-06,0.6982409954071045,1.0077146291732788,-0.06877771764993668,0.7656668424606323,0.888311505317688,-0.10388937592506409,0.7222988605499268,0.7731298208236694,-0.13847942650318146,0.6666199564933777,0.6842101216316223,-0.16915786266326904,0.779474139213562,0.6237329840660095,-0.06174584850668907,0.8583946824073792,0.4354820251464844,-0.11885786056518555,0.9047356843948364,0.31137752532958984,-0.15564116835594177,0.9395411014556885,0.20003998279571533,-0.1794060915708542,0.6924395561218262,0.5935348868370056,-0.0703750029206276,0.7112151384353638,0.3705325424671173,-0.14179638028144836,0.7162764072418213,0.22169813513755798,-0.1885533332824707,0.7193211913108826,0.0899510383605957,-0.21231113374233246,0.6075504422187805,0.6167493462562561,-0.08514853566884995,0.6248707175254822,0.48933830857276917,-0.18868158757686615,0.6390174627304077,0.647453784942627,-0.20084385573863983,0.6431828141212463,0.7624675631523132,-0.17890045046806335,0.528766393661499,0.6820549368858337,-0.10427874326705933,0.5518763065338135,0.6124735474586487,-0.19359830021858215,0.5807440280914307,0.7252460718154907,-0.19543816149234772,0.5957934856414795,0.8159697651863098,-0.1734788417816162
thanks,0.5915550589561462,1.0459084510803223,1.3136178722561453e-06,0.7029834985733032,1.0137563943862915,-0.07141034305095673,0.774232804775238,0.9017943143844604,-0.10869088768959045,0.727457582950592,0.7849050164222717,-0.14483287930488586,0.6633874177932739,0.6964632868766785,-0.17712059617042542,0.7854889631271362,0.6330718994140625,-0.06506776064634323,0.8591564893722534,0.444095253944397,-0.12116445600986481,0.9013079404830933,0.3197386562824249,-0.1571895182132721,0.9337002635002136,0.20806291699409485,-0.180745467543602,0.6979538798332214,0.6018715500831604,-0.07157275825738907,0.7114248275756836,0.3831929862499237,-0.14135859906673431,0.7084038853645325,0.2361956536769867,-0.18683385848999023,0.7057457566261292,0.1097906231880188,-0.21028856933116913,0.6139920353889465,0.6280328631401062,-0.08397268503904343,0.6262890696525574,0.5012685656547546,-0.18420815467834473,0.6384201645851135,0.6592670679092407,-0.19367508590221405,0.6430636048316956,0.7768219709396362,-0.17093567550182343,0.5374490022659302,0.6969443559646606,-0.10100376605987549,0.5533188581466675,0.6249327063560486,-0.18782347440719604,0.5801685452461243,0.7382907867431641,-0.1879836767911911,0.5952247381210327,0.8323009014129639,-0.16520924866199493
thanks,0.5349461436271667,1.0069005489349365,1.2089411711713183e-06,0.6379124522209167,0.9614554047584534,-0.057388223707675934,0.700927734375,0.8538904190063477,-0.09064937382936478,0.6508728265762329,0.7575907707214355,-0.12506306171417236,0.5808057188987732,0.6904770135879517,-0.15677987039089203,0.7158256769180298,0.6094542741775513,-0.05686100199818611,0.7857310771942139,0.424218088388443,-0.10735901445150375,0.8266502618789673,0.3049614131450653,-0.14023882150650024,0.8577282428741455,0.19638457894325256,-0.16174258291721344,0.6308860778808594,0.5793052911758423,-0.06695634871721268,0.6432335376739502,0.36804667115211487,-0.12695370614528656,0.6422212719917297,0.2280467450618744,-0.16678386926651,0.6411698460578918,0.10542768239974976,-0.18820661306381226,0.5516866445541382,0.6038801074028015,-0.08140178769826889,0.5593361854553223,0.4837852120399475,-0.16752079129219055,0.5653523802757263,0.6281523704528809,-0.17646360397338867,0.5654881596565247,0.7377413511276245,-0.15749096870422363,0.481688916683197,0.6682690978050232,-0.09969170391559601,0.4895956516265869,0.6049717664718628,-0.1725255846977234,0.5074832439422607,0.7073516249656677,-0.17033329606056213,0.5180892944335938,0.7945649027824402,-0.1492813676595688
thanks,0.4247758686542511,1.001500129699707,1.2178310271337978e-06,0.5099714398384094,0.9428865909576416,-0.06523481756448746,0.543059766292572,0.8190826177597046,-0.09520135819911957,0.4812188446521759,0.7292904257774353,-0.1243930384516716,0.4102804362773895,0.6704541444778442,-0.1500316560268402,0.5617492198944092,0.579038679599762,-0.04897059500217438,0.6174197196960449,0.394070565700531,-0.09506513178348541,0.6454786062240601,0.2751903831958771,-0.12598368525505066,0.665398120880127,0.16888538002967834,-0.14672139286994934,0.47946497797966003,0.5579900145530701,-0.05412141978740692,0.47010666131973267,0.3480019271373749,-0.11074109375476837,0.45814248919487,0.21260112524032593,-0.14978936314582825,0.4493718147277832,0.09633547067642212,-0.1703573614358902,0.4039900600910187,0.5916674137115479,-0.0659123957157135,0.3876781463623047,0.465191125869751,-0.15487660467624664,0.4019535481929779,0.6071619987487793,-0.16797156631946564,0.4102880656719208,0.7142639756202698,-0.14979363977909088,0.3404516577720642,0.6620270013809204,-0.08189170807600021,0.3280079662799835,0.5768603682518005,-0.15720948576927185,0.34705692529678345,0.6740385293960571,-0.15769752860069275,0.3605691194534302,0.7581338882446289,-0.13818328082561493
thanks,0.365753710269928,0.9559719562530518,1.1898715683855698e-06,0.4386259913444519,0.9061061143875122,-0.07118810713291168,0.4568955600261688,0.7872152328491211,-0.10393137484788895,0.40588048100471497,0.6975183486938477,-0.1337028443813324,0.3348410129547119,0.6355901956558228,-0.15997910499572754,0.476818710565567,0.5536141395568848,-0.05701487883925438,0.518031120300293,0.3650287985801697,-0.10255881398916245,0.5408502817153931,0.24906593561172485,-0.13416048884391785,0.5581550598144531,0.14243096113204956,-0.15626658499240875,0.3995320796966553,0.5288416743278503,-0.05696520209312439,0.3800041675567627,0.3257787227630615,-0.11228002607822418,0.359744668006897,0.19840601086616516,-0.1521487832069397,0.3445568084716797,0.08363783359527588,-0.173928365111351,0.3308197855949402,0.5576677918434143,-0.06337229162454605,0.2973037660121918,0.4337981343269348,-0.14842207729816437,0.3069765567779541,0.5683477520942688,-0.16355445981025696,0.3168376684188843,0.6720276474952698,-0.14875876903533936,0.27696913480758667,0.6234464049339294,-0.07459733635187149,0.24733348190784454,0.54478520154953,-0.1490141749382019,0.2656741738319397,0.633418619632721,-0.15365809202194214,0.2855731248855591,0.7113028764724731,-0.13825623691082
thanks,0.3373381495475769,0.9192860126495361,1.159351086243987e-06,0.3940858840942383,0.8618702292442322,-0.07133607566356659,0.4000664949417114,0.7434022426605225,-0.1043923869729042,0.3452123701572418,0.6664397120475769,-0.13456663489341736,0.2768021523952484,0.6149765253067017,-0.16091659665107727,0.4190276265144348,0.5189266204833984,-0.05364672467112541,0.4537099301815033,0.3406619131565094,-0.09796092659235,0.47125595808029175,0.22981542348861694,-0.13085408508777618,0.48434269428253174,0.1295262575149536,-0.15465405583381653,0.3448157012462616,0.5043346285820007,-0.05292307585477829,0.3200298845767975,0.31124329566955566,-0.10771064460277557,0.2982727289199829,0.18904995918273926,-0.15020322799682617,0.2817569077014923,0.07732182741165161,-0.17531204223632812,0.27959203720092773,0.5376472473144531,-0.059014298021793365,0.24337193369865417,0.41773658990859985,-0.14033538103103638,0.2550909221172333,0.5434751510620117,-0.15741831064224243,0.2667638063430786,0.6412186622619629,-0.14641232788562775,0.2307673692703247,0.6022036075592041,-0.0702446848154068,0.19594697654247284,0.5224704742431641,-0.1403072476387024,0.21432816982269287,0.6049417853355408,-0.14578771591186523,0.23486338555812836,0.6778541207313538,-0.13333041965961456
thanks,0.3347604274749756,0.9189377427101135,1.1664623116303119e-06,0.3837954103946686,0.863726019859314,-0.07927585393190384,0.3875177204608917,0.7512341737747192,-0.11615324765443802,0.34047701954841614,0.6705788969993591,-0.1477069854736328,0.27449244260787964,0.6090426445007324,-0.17526128888130188,0.4078189730644226,0.5194007754325867,-0.0661965161561966,0.4406488239765167,0.3426709473133087,-0.11339759826660156,0.45401623845100403,0.23224171996116638,-0.1483498513698578,0.46399420499801636,0.13050106167793274,-0.17301109433174133,0.3354104459285736,0.5047805905342102,-0.06087636947631836,0.3077819347381592,0.3135807514190674,-0.11657652258872986,0.28093674778938293,0.19439178705215454,-0.15910230576992035,0.2611537277698517,0.08226147294044495,-0.1840575486421585,0.27175813913345337,0.5379219651222229,-0.062392763793468475,0.23071840405464172,0.4236290156841278,-0.14456751942634583,0.23827038705348969,0.545076310634613,-0.16286490857601166,0.24972295761108398,0.6413310766220093,-0.15287111699581146,0.22524729371070862,0.6008392572402954,-0.06952083110809326,0.1833859533071518,0.5281711220741272,-0.14059941470623016,0.19897842407226562,0.6094496250152588,-0.14689306914806366,0.2203291803598404,0.6821838617324829,-0.1347237080335617
thanks,0.33244073390960693,0.9271962642669678,1.1373308552720118e-06,0.3857840299606323,0.8675551414489746,-0.07511930167675018,0.39162981510162354,0.7526625394821167,-0.11089847981929779,0.3415069580078125,0.6749792098999023,-0.14250275492668152,0.275949090719223,0.6256963610649109,-0.1708020120859146,0.41531866788864136,0.5338014364242554,-0.06461280584335327,0.44854220747947693,0.354716956615448,-0.11197276413440704,0.46252182126045227,0.24213233590126038,-0.1465870440006256,0.47314804792404175,0.139478862285614,-0.1709020435810089,0.342085599899292,0.5200546979904175,-0.061539918184280396,0.3128710687160492,0.32852092385292053,-0.11863496154546738,0.2853076756000519,0.20540893077850342,-0.1619662344455719,0.2654883861541748,0.09049543738365173,-0.18749666213989258,0.2767855226993561,0.5531441569328308,-0.06468188762664795,0.23813171684741974,0.44163161516189575,-0.14657601714134216,0.24700665473937988,0.5612685084342957,-0.16436144709587097,0.2585754990577698,0.6562705636024475,-0.15417903661727905,0.22805356979370117,0.6151098608970642,-0.07305092364549637,0.18849033117294312,0.5418634414672852,-0.14223811030387878,0.2050125151872635,0.6224096417427063,-0.1467045098543167,0.22640204429626465,0.6942225098609924,-0.1336962878704071
thanks,0.34995681047439575,0.9463390111923218,1.1190745681233238e-06,0.416623592376709,0.8883370757102966,-0.06440974026918411,0.429023802280426,0.7714802026748657,-0.09596270322799683,0.37459778785705566,0.6911263465881348,-0.12563537061214447,0.3050829768180847,0.6434248089790344,-0.15183547139167786,0.44537031650543213,0.549387514591217,-0.05370795354247093,0.48139142990112305,0.364946573972702,-0.09774302691221237,0.4989943504333496,0.2512607276439667,-0.12785032391548157,0.510793924331665,0.14857998490333557,-0.14835821092128754,0.36768317222595215,0.5305978059768677,-0.05607861652970314,0.3407004475593567,0.33208560943603516,-0.11043672263622284,0.316637247800827,0.20650094747543335,-0.14865118265151978,0.2975028157234192,0.09394478797912598,-0.1690535545349121,0.30039483308792114,0.5616562366485596,-0.06396807730197906,0.26519596576690674,0.4463185966014862,-0.1452823281288147,0.27880287170410156,0.5739744901657104,-0.1584082841873169,0.2902412712574005,0.6746708154678345,-0.14296583831310272,0.24823875725269318,0.626065194606781,-0.07613842934370041,0.21514369547367096,0.5468380451202393,-0.14434130489826202,0.23398244380950928,0.6305601596832275,-0.1445649117231369,0.25431495904922485,0.7065292596817017,-0.12685875594615936
thanks,0.4890417456626892,1.0279834270477295,1.1608057093326352e-06,0.5875275135040283,0.9687131643295288,-0.05900869891047478,0.6371502876281738,0.8467894792556763,-0.08908776938915253,0.5724003314971924,0.7450065016746521,-0.11935620754957199,0.4972848892211914,0.6888670325279236,-0.14690929651260376,0.6362239122390747,0.6044512987136841,-0.045512888580560684,0.6897979378700256,0.41944190859794617,-0.091555655002594,0.7200304865837097,0.2973233163356781,-0.12250387668609619,0.7428444623947144,0.1902088224887848,-0.14255407452583313,0.5503976941108704,0.5825406908988953,-0.05326484143733978,0.5428110957145691,0.37091556191444397,-0.1096094623208046,0.5319381356239319,0.23048609495162964,-0.14748811721801758,0.5230743288993835,0.10905826091766357,-0.16642898321151733,0.4739314019680023,0.615667998790741,-0.06623732298612595,0.4695923328399658,0.4905652403831482,-0.15049602091312408,0.48692822456359863,0.624535858631134,-0.158293679356575,0.49477386474609375,0.7296299934387207,-0.13756662607192993,0.40879106521606445,0.6871238946914673,-0.08308717608451843,0.4060049057006836,0.6020436882972717,-0.1528157889842987,0.4310038089752197,0.6952881217002869,-0.14655715227127075,0.4463120102882385,0.7799749374389648,-0.12236598879098892
thanks,0.6238153576850891,1.1367770433425903,1.3972311307952623e-06,0.7431302070617676,1.099674105644226,-0.06504266709089279,0.8072934150695801,0.979283332824707,-0.0972488671541214,0.7584524154663086,0.8765235543251038,-0.13016220927238464,0.6855786442756653,0.8052434325218201,-0.1603836864233017,0.8017322421073914,0.6969092488288879,-0.052728213369846344,0.8681906461715698,0.49474847316741943,-0.10541246086359024,0.9064762592315674,0.3648437559604645,-0.13905885815620422,0.9339686632156372,0.24929839372634888,-0.16016913950443268,0.7079637050628662,0.6671688556671143,-0.060934778302907944,0.7125114798545837,0.44044044613838196,-0.12638117372989655,0.7063996195793152,0.2882756292819977,-0.16962401568889618,0.6979213356971741,0.15707403421401978,-0.18994024395942688,0.6231042146682739,0.6979122161865234,-0.07520698755979538,0.6241264939308167,0.5726209878921509,-0.17370116710662842,0.6472994685173035,0.7250163555145264,-0.1892651915550232,0.6608269810676575,0.842891275882721,-0.16925184428691864,0.5468927025794983,0.7746379375457764,-0.09331628680229187,0.557859480381012,0.7156100869178772,-0.17927560210227966,0.5907918214797974,0.8233838081359863,-0.18317091464996338,0.6146486401557922,0.9173118472099304,-0.1622466892004013
thanks,0.679675817489624,1.0915381908416748,1.3219340644354816e-06,0.7991787195205688,1.0478144884109497,-0.06483250856399536,0.8682816028594971,0.927599310874939,-0.09542915970087051,0.8274338245391846,0.8205783367156982,-0.12619759142398834,0.7735772728919983,0.7357335090637207,-0.15336686372756958,0.8692372441291809,0.6717473864555359,-0.0582963302731514,0.9430045485496521,0.4776076674461365,-0.11285395920276642,0.9791678786277771,0.3483778238296509,-0.1455034613609314,1.0050808191299438,0.23118415474891663,-0.16573350131511688,0.7786737084388733,0.6401565074920654,-0.06716310232877731,0.789032518863678,0.41542527079582214,-0.13560841977596283,0.7866858839988708,0.2654564082622528,-0.17677122354507446,0.7839466333389282,0.1343122124671936,-0.19571775197982788,0.6927925944328308,0.667053759098053,-0.08215417712926865,0.7089535593986511,0.5563116073608398,-0.18432721495628357,0.7337687611579895,0.7162500619888306,-0.19720561802387238,0.747011125087738,0.8360856771469116,-0.17518040537834167,0.6140929460525513,0.7382262945175171,-0.10103502869606018,0.634478747844696,0.6907682418823242,-0.18894900381565094,0.6680103540420532,0.8010296821594238,-0.19268275797367096,0.689741313457489,0.890743613243103,-0.17225199937820435
thanks,0.6544818878173828,1.0351040363311768,1.3450467122311238e-06,0.7618227601051331,0.9789204001426697,-0.06137522682547569,0.8216023445129395,0.8471777439117432,-0.09131394326686859,0.7643523216247559,0.7396165132522583,-0.1213139072060585,0.6916729807853699,0.6708027124404907,-0.1478724479675293,0.811047375202179,0.60041743516922,-0.053764257580041885,0.8758631944656372,0.40696048736572266,-0.10481088608503342,0.9126725196838379,0.27914953231811523,-0.13670721650123596,0.9397275447845459,0.16462749242782593,-0.15696735680103302,0.7215020060539246,0.5783032178878784,-0.06184908747673035,0.7235345840454102,0.3617953360080719,-0.12452125549316406,0.7162700295448303,0.21647948026657104,-0.1642681509256363,0.7089861035346985,0.08921593427658081,-0.183775395154953,0.6408530473709106,0.611825704574585,-0.07526040077209473,0.6445924043655396,0.4975681006908417,-0.16815446317195892,0.6683122515678406,0.646891176700592,-0.17838554084300995,0.6811617612838745,0.7592427134513855,-0.1572616994380951,0.5701721906661987,0.6858635544776917,-0.0925959125161171,0.5815521478652954,0.629894495010376,-0.1722717583179474,0.6162124872207642,0.7331613302230835,-0.17260873317718506,0.6393768787384033,0.8180634379386902,-0.15132062137126923
thanks,0.621796727180481,0.9465637803077698,1.1415577318985015e-06,0.7183593511581421,0.8782850503921509,-0.05888782814145088,0.7630869746208191,0.7440305948257446,-0.08570461720228195,0.7015278935432434,0.6446214914321899,-0.11324567347764969,0.6302199959754944,0.5802106857299805,-0.13665804266929626,0.7485959529876709,0.5032851696014404,-0.04348523169755936,0.7924953699111938,0.31226846575737,-0.09073838591575623,0.8147844076156616,0.18961355090141296,-0.12245742976665497,0.830011248588562,0.07763177156448364,-0.1451105922460556,0.6623038053512573,0.4862630069255829,-0.05341991409659386,0.6443782448768616,0.26999086141586304,-0.11335376650094986,0.6294729113578796,0.13449203968048096,-0.15493999421596527,0.6198722124099731,0.013589084148406982,-0.1782388538122177,0.5861635804176331,0.5244079232215881,-0.06914947926998138,0.5814275741577148,0.39152827858924866,-0.15823741257190704,0.6079910397529602,0.5413999557495117,-0.1662871241569519,0.6234440207481384,0.6506749391555786,-0.1464320868253708,0.5237039923667908,0.6022952198982239,-0.08930596709251404,0.5243204236030579,0.5296909809112549,-0.16690297424793243,0.5586466789245605,0.6273298859596252,-0.16771775484085083,0.5807768702507019,0.7059229016304016,-0.14906425774097443
thanks,0.5511306524276733,0.9073817729949951,1.072035502147628e-06,0.6304354667663574,0.8232580423355103,-0.0485331192612648,0.6579533219337463,0.6880857348442078,-0.0697222352027893,0.5971711277961731,0.5975450277328491,-0.09183667600154877,0.5305898785591125,0.5446036458015442,-0.11050204187631607,0.6622666716575623,0.4712335765361786,-0.030868936330080032,0.7005624175071716,0.2862624526023865,-0.07022882997989655,0.7197378873825073,0.16686129570007324,-0.09673517197370529,0.7347676753997803,0.06320852041244507,-0.11343004554510117,0.5797955393791199,0.45669788122177124,-0.03946126997470856,0.5637625455856323,0.2531741261482239,-0.08490614593029022,0.5501914024353027,0.12568742036819458,-0.11473820358514786,0.5432056784629822,0.014969438314437866,-0.1287437528371811,0.508887767791748,0.4933449625968933,-0.05351327732205391,0.4961065351963043,0.3743937015533447,-0.127409890294075,0.5163092613220215,0.4998452067375183,-0.13519048690795898,0.5290993452072144,0.6006875038146973,-0.11661898344755173,0.451753169298172,0.5660320520401001,-0.07102088630199432,0.4394998550415039,0.49229517579078674,-0.13386449217796326,0.46684280037879944,0.5752289295196533,-0.1298293024301529,0.48737818002700806,0.6519635915756226,-0.10875418037176132
thanks,0.38242268562316895,0.9254074096679688,9.388634225615533e-07,0.4521918296813965,0.8431156873703003,-0.05255252495408058,0.47023412585258484,0.7089136242866516,-0.07197851687669754,0.41925284266471863,0.6176979541778564,-0.09166788309812546,0.3569315969944,0.5672903656959534,-0.10818568617105484,0.49327635765075684,0.5090150237083435,-0.029625942930579185,0.5261930227279663,0.32583683729171753,-0.06501787900924683,0.5400629043579102,0.2139873504638672,-0.09016144275665283,0.5501675605773926,0.11312630772590637,-0.10712707787752151,0.41878366470336914,0.49353742599487305,-0.03272223472595215,0.40104883909225464,0.301807701587677,-0.07595217227935791,0.3826448619365692,0.1813458800315857,-0.10812608152627945,0.37164565920829773,0.07659837603569031,-0.12505875527858734,0.3525542616844177,0.5285381078720093,-0.04151737317442894,0.3298420310020447,0.4095096290111542,-0.11045674234628677,0.34056758880615234,0.5293633937835693,-0.12123482674360275,0.3493659198284149,0.6259981989860535,-0.10634263604879379,0.29887497425079346,0.5955301523208618,-0.05415104329586029,0.27703171968460083,0.5138199925422668,-0.11109097301959991,0.29246172308921814,0.5880767107009888,-0.10930976271629333,0.3078480362892151,0.6586807370185852,-0.09202855825424194
thanks,0.2910676598548889,1.0044025182724,1.0665120271369233e-06,0.3636866807937622,0.9442397356033325,-0.06890605390071869,0.3784382939338684,0.8283188939094543,-0.10154032707214355,0.32586658000946045,0.7449108958244324,-0.1313062310218811,0.26370909810066223,0.6893646121025085,-0.15780125558376312,0.3943880498409271,0.61226487159729,-0.05737756937742233,0.4181758165359497,0.427890419960022,-0.10405216366052628,0.42749497294425964,0.31301257014274597,-0.13642212748527527,0.43529778718948364,0.20745021104812622,-0.15852633118629456,0.315902978181839,0.5955875515937805,-0.05751333758234978,0.2856155037879944,0.4047034978866577,-0.11542725563049316,0.25806790590286255,0.277399480342865,-0.15667377412319183,0.2408333718776703,0.1623007357120514,-0.17901082336902618,0.2474265992641449,0.6269240379333496,-0.06375061720609665,0.20980723202228546,0.5190374255180359,-0.1497201919555664,0.21572041511535645,0.6500657796859741,-0.16611544787883759,0.2260751724243164,0.7539263367652893,-0.15223611891269684,0.19467538595199585,0.6916431188583374,-0.07435480505228043,0.1562277227640152,0.6237050294876099,-0.14826717972755432,0.17046961188316345,0.7121561765670776,-0.15234220027923584,0.19106526672840118,0.7896193861961365,-0.13668985664844513
thanks,0.27811864018440247,0.9390063881874084,9.117118224821752e-07,0.3278767764568329,0.8727682828903198,-0.06339508295059204,0.3373525142669678,0.7564480304718018,-0.09134987741708755,0.28810548782348633,0.6719896197319031,-0.11716955155134201,0.23242908716201782,0.6161620616912842,-0.1397472321987152,0.3562781512737274,0.5538968443870544,-0.04622481018304825,0.3681815266609192,0.3810034394264221,-0.08724146336317062,0.3701416552066803,0.27150964736938477,-0.115538090467453,0.3725494146347046,0.1745617389678955,-0.13369394838809967,0.28343239426612854,0.5411648154258728,-0.04387601464986801,0.24622106552124023,0.3655397295951843,-0.09233159571886063,0.21310189366340637,0.2547762989997864,-0.12639479339122772,0.19090816378593445,0.1531575322151184,-0.14346890151500702,0.22382569313049316,0.5737200975418091,-0.04780472815036774,0.17912881076335907,0.4740200638771057,-0.1197977066040039,0.18571579456329346,0.5837472081184387,-0.13583432137966156,0.19826391339302063,0.6725594997406006,-0.12431766837835312,0.1781579703092575,0.6344465017318726,-0.05609934777021408,0.13406240940093994,0.5696654915809631,-0.11428380012512207,0.14638540148735046,0.6332770586013794,-0.11755720525979996,0.16718870401382446,0.6942410469055176,-0.10401137173175812
thanks,0.3650015890598297,0.8048713207244873,9.663804121373687e-07,0.41357696056365967,0.7267301082611084,-0.05733678862452507,0.41827845573425293,0.6033440828323364,-0.07974562048912048,0.36632153391838074,0.5251460075378418,-0.10055315494537354,0.306586354970932,0.4760817885398865,-0.11768984794616699,0.4301949739456177,0.41831040382385254,-0.02940751053392887,0.44788849353790283,0.2558268904685974,-0.061640623956918716,0.4536011219024658,0.15355247259140015,-0.08741258084774017,0.4570455849170685,0.06305018067359924,-0.10583996772766113,0.3646981716156006,0.41134026646614075,-0.028911521658301353,0.33759620785713196,0.2417849749326706,-0.06908224523067474,0.31239059567451477,0.13320395350456238,-0.10307140648365021,0.2938309609889984,0.03422802686691284,-0.12277722358703613,0.30946460366249084,0.44331252574920654,-0.03503435105085373,0.27406901121139526,0.3415483832359314,-0.09839637577533722,0.28579676151275635,0.4427596628665924,-0.11504076421260834,0.2987542748451233,0.5233145356178284,-0.10736183077096939,0.2666822075843811,0.49951884150505066,-0.04568333923816681,0.23144280910491943,0.4338218569755554,-0.09845986217260361,0.25003525614738464,0.4954739511013031,-0.10303506255149841,0.27159249782562256,0.5526387691497803,-0.0931091383099556
thanks,0.38305142521858215,0.8156924247741699,9.42938356729428e-07,0.43434077501296997,0.7414847016334534,-0.06697501987218857,0.43974506855010986,0.6118867993354797,-0.09121624380350113,0.3909507393836975,0.5238875150680542,-0.11113753169775009,0.3333554267883301,0.46374356746673584,-0.12691165506839752,0.4554910659790039,0.42111456394195557,-0.041960883885622025,0.47624295949935913,0.25297749042510986,-0.07781825959682465,0.483486533164978,0.14962077140808105,-0.1053096279501915,0.4900047481060028,0.05650791525840759,-0.12479568272829056,0.3893415331840515,0.41359400749206543,-0.038419000804424286,0.36211270093917847,0.23622876405715942,-0.08217442780733109,0.3374949097633362,0.1246943473815918,-0.11700489372015,0.32143062353134155,0.024085670709609985,-0.1372157484292984,0.3308994174003601,0.4460243880748749,-0.042282313108444214,0.2990834414958954,0.3376873731613159,-0.11193742603063583,0.30940794944763184,0.4466600716114044,-0.12869836390018463,0.3200925290584564,0.5316228866577148,-0.12019354850053787,0.28523239493370056,0.5043007731437683,-0.05127110332250595,0.25235146284103394,0.4287480413913727,-0.1113620176911354,0.26947182416915894,0.5023689866065979,-0.11648949980735779,0.2871561646461487,0.5678677558898926,-0.10599612444639206
thanks,0.40777355432510376,0.8862608671188354,9.37252480071038e-07,0.4683772623538971,0.8030253052711487,-0.057664208114147186,0.4811190962791443,0.6652542352676392,-0.07787325978279114,0.4296875,0.5683752298355103,-0.09619808942079544,0.370299369096756,0.51014244556427,-0.1101871058344841,0.4977853000164032,0.4782935380935669,-0.029489662498235703,0.5205969214439392,0.3048945963382721,-0.06382233649492264,0.5285141468048096,0.19456812739372253,-0.08995503932237625,0.534160315990448,0.09744241833686829,-0.10809870809316635,0.4272763431072235,0.4691259264945984,-0.0296045932918787,0.402844101190567,0.28935888409614563,-0.07469585537910461,0.37996816635131836,0.169880211353302,-0.1102447509765625,0.36557063460350037,0.06464904546737671,-0.1294480413198471,0.36468935012817383,0.49979713559150696,-0.03625962510704994,0.3354281187057495,0.3971620202064514,-0.10509411990642548,0.3477373421192169,0.5111992359161377,-0.11889396607875824,0.3599860668182373,0.6001220941543579,-0.1066029965877533,0.3154069483280182,0.5551579594612122,-0.04743752256035805,0.2862376272678375,0.47844356298446655,-0.10451095551252365,0.30619093775749207,0.5510462522506714,-0.10562111437320709,0.3265487253665924,0.6163204908370972,-0.0910283550620079
thanks,0.4395262598991394,0.9448227286338806,1.0113702728631324e-06,0.5076327919960022,0.8674169778823853,-0.06315476447343826,0.5191141366958618,0.728341817855835,-0.08460590243339539,0.462189257144928,0.6283475756645203,-0.10325847566127777,0.4079625904560089,0.559662401676178,-0.11697043478488922,0.5405336022377014,0.5220808386802673,-0.034409817308187485,0.5717391967773438,0.3368798792362213,-0.07079289108514786,0.5840527415275574,0.21998509764671326,-0.09663933515548706,0.5919983386993408,0.11740925908088684,-0.11361528933048248,0.4639371633529663,0.5091105103492737,-0.032516758888959885,0.4363616704940796,0.3158383369445801,-0.07985053211450577,0.4118625223636627,0.189424067735672,-0.11468446999788284,0.3954704999923706,0.07889378070831299,-0.13184240460395813,0.39883553981781006,0.5423798561096191,-0.03756053000688553,0.3639427125453949,0.44105127453804016,-0.11252593249082565,0.3773455321788788,0.5599837303161621,-0.12775924801826477,0.39010071754455566,0.6544513702392578,-0.1137552484869957,0.34803786873817444,0.6041264533996582,-0.04707682877779007,0.314805805683136,0.5263730883598328,-0.10989296436309814,0.3328550159931183,0.6048287153244019,-0.11122056096792221,0.3537585437297821,0.6759501099586487,-0.0945797711610794
thanks,0.5036289095878601,0.9903733134269714,1.0928616802630131e-06,0.5893047451972961,0.9167720079421997,-0.05918290466070175,0.6151732206344604,0.7762103080749512,-0.08311989158391953,0.5433677434921265,0.674353301525116,-0.10652652382850647,0.4765866994857788,0.6152786612510681,-0.12538501620292664,0.6186815500259399,0.5533130764961243,-0.03314705938100815,0.6546627283096313,0.36258959770202637,-0.07195645570755005,0.6735115051269531,0.23959803581237793,-0.09807232767343521,0.6875950694084167,0.13237595558166504,-0.1152089461684227,0.5361919403076172,0.5367820262908936,-0.03696412220597267,0.5134769678115845,0.33247870206832886,-0.08771880716085434,0.4947485625743866,0.19764235615730286,-0.12197746336460114,0.48267295956611633,0.08324480056762695,-0.13831749558448792,0.4659245014190674,0.5697658658027649,-0.04734618961811066,0.4444398283958435,0.45368272066116333,-0.12594881653785706,0.4582401216030121,0.5799393653869629,-0.13522057235240936,0.4667023718357086,0.6820024251937866,-0.11572791635990143,0.4088907241821289,0.6362860798835754,-0.06215059012174606,0.392015278339386,0.5465092062950134,-0.12628211081027985,0.41460806131362915,0.629081666469574,-0.12257609516382217,0.43175673484802246,0.7068911790847778,-0.10134175419807434
thanks,0.5793625116348267,0.9849636554718018,1.1096973366875318e-06,0.678356945514679,0.9254875779151917,-0.056139230728149414,0.7377017140388489,0.7939252257347107,-0.0800231322646141,0.6807252764701843,0.6807758212089539,-0.10382058471441269,0.608371913433075,0.6185399889945984,-0.12397322058677673,0.7324166893959045,0.564195454120636,-0.03516576439142227,0.7838365435600281,0.3802320063114166,-0.07490741461515427,0.8110889792442322,0.25947627425193787,-0.10018770396709442,0.8323236107826233,0.15492036938667297,-0.11565370112657547,0.6492668986320496,0.5409176349639893,-0.04028655216097832,0.6437805891036987,0.33511948585510254,-0.09005752950906754,0.6343863606452942,0.19978150725364685,-0.12177162617444992,0.6284403800964355,0.08706247806549072,-0.13606777787208557,0.5759121775627136,0.5686144828796387,-0.05113084614276886,0.5741894841194153,0.45517733693122864,-0.1297314465045929,0.5898439884185791,0.5901110172271729,-0.1368691623210907,0.5967735052108765,0.6961681842803955,-0.1158616840839386,0.5117221474647522,0.6321601271629333,-0.06584113836288452,0.5159231424331665,0.5526028871536255,-0.130546435713768,0.5409872531890869,0.6458648443222046,-0.12514646351337433,0.555363118648529,0.7297194004058838,-0.1021864041686058
thanks,0.6488858461380005,1.019195318222046,1.3014155229029711e-06,0.7591681480407715,0.9769370555877686,-0.06418934464454651,0.8256936073303223,0.8537498712539673,-0.09603011608123779,0.7780565619468689,0.7435328364372253,-0.12776300311088562,0.7129062414169312,0.6640763878822327,-0.1559736430644989,0.8192760944366455,0.606427788734436,-0.053713612258434296,0.8853516578674316,0.4187413156032562,-0.10649926960468292,0.9235249757766724,0.2942027449607849,-0.13942113518714905,0.9521443843841553,0.1835964322090149,-0.15949545800685883,0.7326388955116272,0.5823605060577393,-0.06179377809166908,0.7407623529434204,0.3657517731189728,-0.1281309574842453,0.7406036853790283,0.22302457690238953,-0.16838817298412323,0.7375931143760681,0.10136806964874268,-0.1867123693227768,0.6524803638458252,0.6100167036056519,-0.07615295797586441,0.663776159286499,0.49479132890701294,-0.17564283311367035,0.6880917549133301,0.6499775052070618,-0.18555693328380585,0.6980544924736023,0.765776515007019,-0.16162872314453125,0.5792997479438782,0.6755855083465576,-0.0943380668759346,0.6044704914093018,0.5998951196670532,-0.17630824446678162,0.6346715092658997,0.7102530002593994,-0.17352111637592316,0.6473674774169922,0.8024188280105591,-0.14924032986164093
hello,0.42009416222572327,0.9330083131790161,-7.048405592513518e-08,0.5022096037864685,0.868120014667511,-0.046825606375932693,0.570999264717102,0.7420740127563477,-0.07555600255727768,0.5623547434806824,0.634848952293396,-0.10399577021598816,0.4905875623226166,0.5898301005363464,-0.13233564794063568,0.5181266069412231,0.5307865142822266,-0.06638167053461075,0.546369731426239,0.3415302038192749,-0.11419929563999176,0.5661678910255432,0.21871069073677063,-0.14090003073215485,0.5796430110931396,0.11813947558403015,-0.15697364509105682,0.44188228249549866,0.5145707726478577,-0.0669812262058258,0.4527852237224579,0.5510699152946472,-0.1453627347946167,0.45505258440971375,0.6858266592025757,-0.16036899387836456,0.46056994795799255,0.7770718932151794,-0.15117067098617554,0.37425553798675537,0.5367658138275146,-0.07043439149856567,0.3866416811943054,0.6150612235069275,-0.13468492031097412,0.40106457471847534,0.7283785343170166,-0.11855902522802353,0.41444817185401917,0.7963302731513977,-0.08934128284454346,0.31456243991851807,0.5783728361129761,-0.07945466041564941,0.32911115884780884,0.6389747858047485,-0.11338344216346741,0.35078948736190796,0.7205610275268555,-0.09644019603729248,0.36773523688316345,0.7645882368087769,-0.07022713869810104
hello,0.4174904525279999,0.9334504008293152,-8.053993383327906e-08,0.5008212327957153,0.8684021234512329,-0.04603532329201698,0.5715553760528564,0.737389326095581,-0.07399604469537735,0.5633265972137451,0.6247847676277161,-0.10162422806024551,0.48854535818099976,0.5872082114219666,-0.12910199165344238,0.5172250866889954,0.5331632494926453,-0.06564889848232269,0.5451764464378357,0.3431296944618225,-0.11247650533914566,0.5650100111961365,0.2209850251674652,-0.13815078139305115,0.578668475151062,0.12042197585105896,-0.1542241871356964,0.44003593921661377,0.5146377682685852,-0.06683863699436188,0.45162567496299744,0.5529584884643555,-0.14385496079921722,0.45394670963287354,0.686559796333313,-0.15774068236351013,0.45792117714881897,0.7729806303977966,-0.14865534007549286,0.37217795848846436,0.5356255769729614,-0.07086681574583054,0.3855229616165161,0.6150168776512146,-0.13425467908382416,0.40106847882270813,0.7277868986129761,-0.11778008192777634,0.41378533840179443,0.7909467220306396,-0.0893101766705513,0.31269657611846924,0.5769361853599548,-0.08051878213882446,0.3281494081020355,0.6428456902503967,-0.11457089334726334,0.3500404953956604,0.7237728238105774,-0.09859374165534973,0.3658459484577179,0.7637075185775757,-0.07387129217386246
hello,0.4144211411476135,0.9396787881851196,-1.319187106219033e-07,0.4974827766418457,0.8714863657951355,-0.04101235046982765,0.5662628412246704,0.7407382726669312,-0.06531229615211487,0.5584414601325989,0.6323388814926147,-0.09022694826126099,0.4846501052379608,0.5985071063041687,-0.11554846167564392,0.5121205449104309,0.5379040241241455,-0.05908746272325516,0.539991557598114,0.3489021956920624,-0.10224464535713196,0.558861494064331,0.2279273271560669,-0.1262708157300949,0.5725715160369873,0.12878960371017456,-0.14083775877952576,0.43697765469551086,0.5183181166648865,-0.06081511452794075,0.4479225277900696,0.5614271759986877,-0.1335836499929428,0.4495808184146881,0.6901849508285522,-0.14815065264701843,0.4541299641132355,0.7789455652236938,-0.13984006643295288,0.36990758776664734,0.5384760499000549,-0.0646737739443779,0.38275569677352905,0.6223921179771423,-0.12341742217540741,0.39739522337913513,0.7331452369689941,-0.10890242457389832,0.410590261220932,0.8008861541748047,-0.08197884261608124,0.31077176332473755,0.5789831280708313,-0.07375942915678024,0.3253875970840454,0.6465723514556885,-0.103614941239357,0.34644562005996704,0.725258469581604,-0.08777502924203873,0.3628087639808655,0.7685794830322266,-0.06323603540658951
hello,0.41452130675315857,0.9362781047821045,-1.0287530471941864e-07,0.498312771320343,0.8698896169662476,-0.041714295744895935,0.5703014731407166,0.7388628721237183,-0.06720419228076935,0.5595598816871643,0.6313436627388,-0.09352985769510269,0.48394304513931274,0.5969081521034241,-0.11992597579956055,0.5137510895729065,0.5336650013923645,-0.058013666421175,0.5419929623603821,0.34561359882354736,-0.10263709723949432,0.5616154670715332,0.22606945037841797,-0.12719501554965973,0.5755174160003662,0.1280408799648285,-0.14232665300369263,0.43735605478286743,0.5155102610588074,-0.06085754558444023,0.45237666368484497,0.5552456974983215,-0.13546477258205414,0.45391303300857544,0.6861661672592163,-0.15025566518306732,0.4555322825908661,0.7721206545829773,-0.14202512800693512,0.3698621988296509,0.537372887134552,-0.06628656387329102,0.3868168890476227,0.6161227822303772,-0.12809155881404877,0.4013999104499817,0.7295639514923096,-0.11299728602170944,0.41213494539260864,0.7941181063652039,-0.08540067076683044,0.30961769819259644,0.5796372890472412,-0.0768626257777214,0.3279832601547241,0.6443876028060913,-0.10899493843317032,0.3486865162849426,0.7245072722434998,-0.092890165746212,0.362243115901947,0.7645577192306519,-0.0682484358549118
hello,0.41083425283432007,0.9282131791114807,-7.626089626455723e-08,0.492448627948761,0.862916111946106,-0.044817645102739334,0.564845621585846,0.7309793829917908,-0.07216818630695343,0.5587179064750671,0.6165461540222168,-0.09965729713439941,0.4825403094291687,0.5870566368103027,-0.1270996630191803,0.510686993598938,0.5284087061882019,-0.06223171576857567,0.5389032363891602,0.34042060375213623,-0.10730472952127457,0.5587111115455627,0.22131648659706116,-0.13224953413009644,0.5726231932640076,0.12201589345932007,-0.14808760583400726,0.4345216453075409,0.5099443793296814,-0.06448156386613846,0.44691261649131775,0.547751784324646,-0.1402258574962616,0.4482147991657257,0.6766483783721924,-0.1551123857498169,0.4503172039985657,0.7595876455307007,-0.146844744682312,0.3672659397125244,0.531359851360321,-0.06943807750940323,0.3830585479736328,0.6115206480026245,-0.13200069963932037,0.3973533809185028,0.7222096920013428,-0.11714406311511993,0.4084767997264862,0.7827680706977844,-0.08966822177171707,0.30839961767196655,0.5725575089454651,-0.07986826449632645,0.3268831670284271,0.6374842524528503,-0.11185238510370255,0.34688735008239746,0.7158608436584473,-0.09561499953269958,0.3602777421474457,0.754084587097168,-0.07109534740447998
hello,0.4148494303226471,0.9271225929260254,-1.0148481521810027e-07,0.4949272871017456,0.8599070310592651,-0.04339855909347534,0.5637968182563782,0.7280533313751221,-0.06893078982830048,0.5524523258209229,0.6201569437980652,-0.09455767273902893,0.4782533049583435,0.5836085677146912,-0.12013579159975052,0.5069089531898499,0.5286857485771179,-0.05972875654697418,0.5339530110359192,0.34139037132263184,-0.10497073084115982,0.5527275204658508,0.22093549370765686,-0.12954524159431458,0.5667290687561035,0.12235122919082642,-0.14417041838169098,0.43172168731689453,0.5110129714012146,-0.06091814115643501,0.44333094358444214,0.5470647811889648,-0.13660162687301636,0.44553613662719727,0.6771772503852844,-0.15158602595329285,0.45009905099868774,0.7628719806671143,-0.142622709274292,0.36571699380874634,0.5305987000465393,-0.06483129411935806,0.37822407484054565,0.6099072098731995,-0.12736117839813232,0.39302197098731995,0.7221149206161499,-0.11303037405014038,0.40609773993492126,0.7838473320007324,-0.08528002351522446,0.3072974979877472,0.5696715116500854,-0.07387217879295349,0.3211266100406647,0.6318985819816589,-0.10552889108657837,0.3409174680709839,0.7107523679733276,-0.08929029107093811,0.3551098704338074,0.7482497096061707,-0.06432291865348816
hello,0.41255372762680054,0.9217474460601807,-8.648461147231501e-08,0.4928140640258789,0.8541685342788696,-0.043233901262283325,0.564209520816803,0.7208325862884521,-0.06871659308671951,0.5538870692253113,0.6096802353858948,-0.09415435045957565,0.4773367643356323,0.5761092901229858,-0.11987470835447311,0.5063625574111938,0.529547393321991,-0.0620548352599144,0.5337499380111694,0.33907628059387207,-0.1071617528796196,0.5529723763465881,0.217597097158432,-0.13151808083057404,0.5673227310180664,0.11731192469596863,-0.14611920714378357,0.43145546317100525,0.5112534761428833,-0.06336801499128342,0.4434543550014496,0.5449153780937195,-0.13956038653850555,0.44544821977615356,0.6729103922843933,-0.15415291488170624,0.449533075094223,0.7609195113182068,-0.14476288855075836,0.3656553030014038,0.5298865437507629,-0.06712409853935242,0.37838155031204224,0.6101323366165161,-0.12857627868652344,0.39283159375190735,0.7199145555496216,-0.11361034959554672,0.40555891394615173,0.7834001779556274,-0.08562339842319489,0.3077973425388336,0.5684149265289307,-0.07616280019283295,0.32104378938674927,0.6352580785751343,-0.10621826350688934,0.34051215648651123,0.712832510471344,-0.08974120765924454,0.3549529016017914,0.7511706352233887,-0.06491153687238693
hello,0.40974199771881104,0.9195986986160278,-8.658958705609621e-08,0.49018073081970215,0.8554307222366333,-0.044212706387043,0.5612500309944153,0.7229185700416565,-0.07047741860151291,0.5523853302001953,0.6105955243110657,-0.096421979367733,0.4764612317085266,0.5740059614181519,-0.12245329469442368,0.5053576231002808,0.5257686376571655,-0.06380874663591385,0.5322659015655518,0.33748501539230347,-0.1095813736319542,0.5510498881340027,0.2162092924118042,-0.13439328968524933,0.5646467804908752,0.11602768301963806,-0.1495705544948578,0.42962247133255005,0.50753253698349,-0.06512387841939926,0.44147059321403503,0.5447229743003845,-0.14146260917186737,0.4442378282546997,0.6736162900924683,-0.15561789274215698,0.4496200382709503,0.7595544457435608,-0.1463899165391922,0.3632938861846924,0.5277860164642334,-0.06904277205467224,0.37629732489585876,0.6085027456283569,-0.13095243275165558,0.3914436399936676,0.7174356579780579,-0.11511028558015823,0.40546759963035583,0.7781488299369812,-0.08688312023878098,0.30503278970718384,0.5678590536117554,-0.07836567610502243,0.318704754114151,0.6345565915107727,-0.10934124886989594,0.3390417695045471,0.7117972373962402,-0.09262701869010925,0.3547387719154358,0.7481987476348877,-0.06766629219055176
yes,0.39022257924079895,0.9412716031074524,1.6869546470843488e-06,0.4588640630245209,0.8983727693557739,-0.08861425518989563,0.48214253783226013,0.7883439064025879,-0.1325778216123581,0.3873392641544342,0.6988005638122559,-0.16234749555587769,0.2943114638328552,0.6394882202148438,-0.19367071986198425,0.4918258786201477,0.5611113905906677,-0.10612422227859497,0.5763198137283325,0.3937610983848572,-0.1543661653995514,0.6276345252990723,0.28234514594078064,-0.19080215692520142,0.6695314049720764,0.17963051795959473,-0.21693582832813263,0.41105034947395325,0.5317028164863586,-0.09785659611225128,0.4432297945022583,0.32825082540512085,-0.14079049229621887,0.4649028480052948,0.19458723068237305,-0.17662180960178375,0.48058199882507324,0.07390913367271423,-0.2011939287185669,0.3388625979423523,0.5559057593345642,-0.09530231356620789,0.30867722630500793,0.3753681778907776,-0.15529324114322662,0.3053896427154541,0.25377553701400757,-0.19543661177158356,0.3038673400878906,0.1426520049571991,-0.22075007855892181,0.2733554542064667,0.6195704340934753,-0.09777882695198059,0.2693837285041809,0.510033905506134,-0.15888138115406036,0.29317545890808105,0.5726195573806763,-0.16793252527713776,0.31332337856292725,0.6423752307891846,-0.16871149837970734
yes,0.39655736088752747,0.9461854696273804,1.6157232494151685e-06,0.46140938997268677,0.8957788348197937,-0.08104614168405533,0.4816882014274597,0.7855474352836609,-0.11797323077917099,0.38601577281951904,0.7000331878662109,-0.14063820242881775,0.2949841618537903,0.6451677680015564,-0.16456474363803864,0.49228864908218384,0.5616946220397949,-0.0974259302020073,0.578753650188446,0.392066091299057,-0.14037922024726868,0.6285240054130554,0.2808840274810791,-0.17234867811203003,0.6691619753837585,0.17880871891975403,-0.19511473178863525,0.4120420515537262,0.5352779030799866,-0.09038618206977844,0.4454198181629181,0.3288549780845642,-0.13196422159671783,0.4667102098464966,0.19592633843421936,-0.16569887101650238,0.482647567987442,0.0748874843120575,-0.18707188963890076,0.34156936407089233,0.5593900084495544,-0.08825947344303131,0.3105078935623169,0.3742496967315674,-0.14685288071632385,0.307649165391922,0.2516500949859619,-0.18494170904159546,0.306852787733078,0.1350306272506714,-0.20698675513267517,0.2782415747642517,0.6270660758018494,-0.0903090164065361,0.2723654508590698,0.5099831819534302,-0.1461056023836136,0.29483070969581604,0.574523389339447,-0.14972618222236633,0.3145515024662018,0.6487120389938354,-0.1460018754005432
yes,0.40291938185691833,0.9408339262008667,1.6398699926867266e-06,0.46906527876853943,0.8885582685470581,-0.0835963562130928,0.4871160387992859,0.7777867317199707,-0.12347062677145004,0.39079681038856506,0.6915894150733948,-0.14924032986164093,0.30140477418899536,0.6355615854263306,-0.1761956363916397,0.49835070967674255,0.555947482585907,-0.10104558616876602,0.5835118293762207,0.3866792917251587,-0.14675374329090118,0.6341354250907898,0.27537965774536133,-0.18089622259140015,0.6757010817527771,0.17318710684776306,-0.20495392382144928,0.41884735226631165,0.5293115973472595,-0.09370175004005432,0.4522298276424408,0.3235035538673401,-0.13593080639839172,0.4743524193763733,0.18960168957710266,-0.16996167600154877,0.4905269742012024,0.06931143999099731,-0.19228601455688477,0.34809088706970215,0.5528760552406311,-0.09171144664287567,0.31753450632095337,0.36820220947265625,-0.15021063387393951,0.3147784173488617,0.24637624621391296,-0.18800589442253113,0.3140915334224701,0.13325992226600647,-0.2105887532234192,0.28355860710144043,0.6183944940567017,-0.09436406940221786,0.2756812572479248,0.49913161993026733,-0.1507524698972702,0.29860544204711914,0.5611085295677185,-0.15548096597194672,0.3194815516471863,0.6335974931716919,-0.1530296355485916
yes,0.40685901045799255,0.9358561038970947,1.6151922181961709e-06,0.47140446305274963,0.8813482522964478,-0.0820264145731926,0.4863494634628296,0.7701632976531982,-0.11950713396072388,0.389144629240036,0.6867117285728455,-0.14226354658603668,0.30037400126457214,0.6320604681968689,-0.16567283868789673,0.4953811466693878,0.5491731762886047,-0.10043703019618988,0.5820702314376831,0.37987446784973145,-0.14498113095760345,0.6328539848327637,0.2685944139957428,-0.17756851017475128,0.6744364500045776,0.16675135493278503,-0.2001042515039444,0.417348712682724,0.5253952145576477,-0.09297715872526169,0.45039650797843933,0.316855251789093,-0.13436755537986755,0.47204920649528503,0.18403589725494385,-0.1665826439857483,0.4874453842639923,0.06471815705299377,-0.18707691133022308,0.3478389382362366,0.5504591464996338,-0.09071590006351471,0.3179343044757843,0.36704373359680176,-0.14793404936790466,0.31531083583831787,0.2446334958076477,-0.18403317034244537,0.3131951689720154,0.1290292739868164,-0.20488221943378448,0.28419235348701477,0.6194730997085571,-0.09301577508449554,0.2771981358528137,0.49679166078567505,-0.1452353298664093,0.3004304766654968,0.5569518804550171,-0.1467369794845581,0.3201484680175781,0.63006591796875,-0.14222002029418945
yes,0.40601909160614014,0.9281839728355408,1.5995977946658968e-06,0.46835270524024963,0.871882438659668,-0.08553221821784973,0.4821693003177643,0.7580057382583618,-0.1251847892999649,0.39016932249069214,0.6699473857879639,-0.14943817257881165,0.30200034379959106,0.6126195192337036,-0.1744098663330078,0.49139419198036194,0.539424479007721,-0.10550600290298462,0.5791885256767273,0.37053337693214417,-0.15038256347179413,0.6292619705200195,0.2601487636566162,-0.18327845633029938,0.6695235371589661,0.16006922721862793,-0.2062271535396576,0.4153828024864197,0.5164822936058044,-0.09600777179002762,0.44791343808174133,0.30882516503334045,-0.13870784640312195,0.4704456031322479,0.1780928671360016,-0.17165839672088623,0.48598581552505493,0.06088027358055115,-0.1926843822002411,0.3474771976470947,0.5408387780189514,-0.09167491644620895,0.31783798336982727,0.3569706976413727,-0.14952702820301056,0.3144737780094147,0.2323249876499176,-0.1875247359275818,0.312120258808136,0.1163487434387207,-0.21009643375873566,0.28474679589271545,0.6070630550384521,-0.0920281782746315,0.27623647451400757,0.48629438877105713,-0.14510124921798706,0.3000172972679138,0.5441105961799622,-0.1491553634405136,0.32139378786087036,0.6161043047904968,-0.14692604541778564
yes,0.405593603849411,0.9233399629592896,1.6186066886803019e-06,0.4684760272502899,0.8684166669845581,-0.08778339624404907,0.48165667057037354,0.7554270625114441,-0.12795734405517578,0.387275755405426,0.6707899570465088,-0.15211166441440582,0.29851752519607544,0.6174671649932861,-0.1770656406879425,0.49126487970352173,0.537493109703064,-0.1077091172337532,0.5770878791809082,0.36953967809677124,-0.15331467986106873,0.627009391784668,0.2599286735057831,-0.18680480122566223,0.6681563854217529,0.15969359874725342,-0.21019603312015533,0.41509589552879333,0.51365727186203,-0.09749726206064224,0.44816792011260986,0.30663180351257324,-0.1402582973241806,0.47008001804351807,0.17586970329284668,-0.17382627725601196,0.48586028814315796,0.058339059352874756,-0.19550882279872894,0.34687644243240356,0.5373826026916504,-0.09267010539770126,0.317160040140152,0.3555809557437897,-0.1511479914188385,0.3132806718349457,0.233729749917984,-0.18958517909049988,0.3111814558506012,0.11905652284622192,-0.21253100037574768,0.2841757535934448,0.6035319566726685,-0.09275895357131958,0.2753441333770752,0.4844757914543152,-0.1470588594675064,0.29745790362358093,0.5463414788246155,-0.1512441337108612,0.3172101080417633,0.620262861251831,-0.14901940524578094
yes,0.4072459638118744,0.9235607385635376,1.5869384242250817e-06,0.468446284532547,0.8684319257736206,-0.08742368966341019,0.48181766271591187,0.7534435987472534,-0.12768878042697906,0.38925471901893616,0.6662881374359131,-0.15240706503391266,0.3014881908893585,0.608953058719635,-0.17778924107551575,0.49137288331985474,0.536506712436676,-0.10658593475818634,0.5765610933303833,0.3685794770717621,-0.1520298719406128,0.6261649131774902,0.25890666246414185,-0.1857021301984787,0.6666727662086487,0.15889397263526917,-0.20956295728683472,0.41523224115371704,0.5131613612174988,-0.09674994647502899,0.44653773307800293,0.30623283982276917,-0.1383790224790573,0.4689822793006897,0.17667493224143982,-0.1720300167798996,0.48465341329574585,0.06036755442619324,-0.19462576508522034,0.3470694124698639,0.5375056862831116,-0.09252049028873444,0.31688281893730164,0.35457170009613037,-0.14983148872852325,0.31204843521118164,0.23079147934913635,-0.18946494162082672,0.3083094656467438,0.11620372533798218,-0.2140667736530304,0.284662663936615,0.6022585034370422,-0.09322971850633621,0.2739231586456299,0.47964510321617126,-0.14668694138526917,0.29633018374443054,0.5336617827415466,-0.15301929414272308,0.31608378887176514,0.6015610098838806,-0.15320207178592682
yes,0.40740102529525757,0.9193421602249146,1.5854388948355336e-06,0.46922191977500916,0.8646135330200195,-0.08974260091781616,0.4804753065109253,0.7537338137626648,-0.13134728372097015,0.38798248767852783,0.6644954085350037,-0.15670272707939148,0.3005826473236084,0.6029784083366394,-0.1823446899652481,0.4908899962902069,0.5340262055397034,-0.11127500981092453,0.5783835649490356,0.3650217056274414,-0.15846270322799683,0.6268861889839172,0.2555731236934662,-0.19241486489772797,0.6660903692245483,0.1569366753101349,-0.21599310636520386,0.41580379009246826,0.5118029117584229,-0.10044610500335693,0.4472675323486328,0.30252113938331604,-0.14562545716762543,0.46897315979003906,0.17324066162109375,-0.179921492934227,0.48375028371810913,0.05731043219566345,-0.2018100619316101,0.34818264842033386,0.5363439321517944,-0.09517423063516617,0.3177988529205322,0.3522499203681946,-0.1549445539712906,0.3138516843318939,0.23002490401268005,-0.19384373724460602,0.3111693859100342,0.11466625332832336,-0.21688662469387054,0.2858543395996094,0.6035082340240479,-0.09489144384860992,0.2748895287513733,0.480112224817276,-0.14819218218326569,0.2971237301826477,0.534953773021698,-0.15287402272224426,0.31708088517189026,0.6047264337539673,-0.15144547820091248
yes,0.40857425332069397,0.9244586229324341,1.5775458450661972e-06,0.47108781337738037,0.8672661781311035,-0.08528023213148117,0.4835268259048462,0.752366304397583,-0.12213977426290512,0.38981613516807556,0.6670410633087158,-0.14294151961803436,0.30153271555900574,0.611881673336029,-0.1640990674495697,0.4912581443786621,0.53745436668396,-0.10388531535863876,0.5783881545066833,0.3675684332847595,-0.14710235595703125,0.6277790665626526,0.2575807273387909,-0.1786215454339981,0.6676164269447327,0.15676862001419067,-0.20057256519794464,0.4160095751285553,0.5148525238037109,-0.09395177662372589,0.4494573771953583,0.3071223199367523,-0.13371768593788147,0.47149190306663513,0.17627227306365967,-0.16507481038570404,0.48627644777297974,0.057443201541900635,-0.18540720641613007,0.34865275025367737,0.5387753248214722,-0.08944474160671234,0.3180306851863861,0.35629934072494507,-0.1451834887266159,0.31438884139060974,0.23332175612449646,-0.18324457108974457,0.31092584133148193,0.11631718277931213,-0.20612314343452454,0.2871094346046448,0.6062003374099731,-0.08967532217502594,0.2785566747188568,0.48613062500953674,-0.1404786854982376,0.30316075682640076,0.5448659658432007,-0.14380574226379395,0.32321280241012573,0.6174543499946594,-0.14149539172649384
yes,0.40473803877830505,0.9183483123779297,1.5896998775133397e-06,0.4692513346672058,0.8644148111343384,-0.08663167804479599,0.48500677943229675,0.7530275583267212,-0.1279555708169937,0.39073845744132996,0.6648410558700562,-0.1542060673236847,0.30249401926994324,0.6037890315055847,-0.18113191425800323,0.4942007064819336,0.5352597236633301,-0.10713007301092148,0.5795698165893555,0.36772820353507996,-0.1543537825345993,0.6287543773651123,0.25759434700012207,-0.18880292773246765,0.6688883304595947,0.157669335603714,-0.21279685199260712,0.41780707240104675,0.5116850137710571,-0.0982472226023674,0.45027875900268555,0.3040124773979187,-0.14173629879951477,0.47194379568099976,0.17367887496948242,-0.1751372367143631,0.4870559871196747,0.0567796528339386,-0.1967896968126297,0.34962666034698486,0.5363155007362366,-0.09488179534673691,0.3198758065700531,0.3529176712036133,-0.1539943814277649,0.31529802083969116,0.23059320449829102,-0.19192741811275482,0.31224164366722107,0.11729615926742554,-0.21453747153282166,0.28706830739974976,0.6023871302604675,-0.09633956849575043,0.275583952665329,0.48250383138656616,-0.1513315588235855,0.2971426546573639,0.5395255088806152,-0.1564488261938095,0.3171549439430237,0.6097072958946228,-0.15486428141593933
yes,0.40743106603622437,0.920118510723114,1.603001123839931e-06,0.4713611900806427,0.8659422397613525,-0.08810273557901382,0.48476937413215637,0.7539491057395935,-0.12676818668842316,0.389880895614624,0.6693048477172852,-0.14893822371959686,0.30176234245300293,0.6128474473953247,-0.17133250832557678,0.49435627460479736,0.535041093826294,-0.10712861269712448,0.5801500678062439,0.3641877770423889,-0.15214626491069794,0.6294633150100708,0.25464168190956116,-0.1848769336938858,0.670423150062561,0.15475735068321228,-0.20760567486286163,0.4174552261829376,0.5121915936470032,-0.09647735953330994,0.4494989812374115,0.3056062161922455,-0.13809086382389069,0.4714018404483795,0.17542698979377747,-0.171332448720932,0.488048255443573,0.058482825756073,-0.19304238259792328,0.3490062952041626,0.535908579826355,-0.09159853309392929,0.31735822558403015,0.35463574528694153,-0.14945703744888306,0.3150401711463928,0.23232606053352356,-0.1894824057817459,0.31464558839797974,0.11753061413764954,-0.21368815004825592,0.287287175655365,0.6020520925521851,-0.09164520353078842,0.2791111171245575,0.484162837266922,-0.14519014954566956,0.30385464429855347,0.5432959198951721,-0.15062469244003296,0.3242610692977905,0.6164310574531555,-0.1495724320411682
yes,0.410046249628067,0.9190788865089417,1.6054897287176573e-06,0.4728642404079437,0.8645850419998169,-0.08358493447303772,0.4871852397918701,0.7488143444061279,-0.12373355776071548,0.3928569257259369,0.6643021702766418,-0.14953383803367615,0.3041675090789795,0.606188178062439,-0.17652006447315216,0.49487921595573425,0.5351489782333374,-0.10364356637001038,0.5792099237442017,0.3691145181655884,-0.14872202277183533,0.6288111209869385,0.25944000482559204,-0.18177580833435059,0.6693094372749329,0.1593361496925354,-0.20522555708885193,0.418451726436615,0.5124505758285522,-0.09582041949033737,0.4492383599281311,0.3061598539352417,-0.13657055795192719,0.4717133045196533,0.17671990394592285,-0.16864800453186035,0.48781824111938477,0.061117976903915405,-0.19011467695236206,0.35026752948760986,0.5383719801902771,-0.09329520910978317,0.3186134397983551,0.3551631271839142,-0.15093004703521729,0.3148394823074341,0.23152396082878113,-0.18930184841156006,0.31231677532196045,0.11735516786575317,-0.2131359577178955,0.28822997212409973,0.6028382182121277,-0.09524755924940109,0.2800198197364807,0.4868726432323456,-0.15158946812152863,0.3046305477619171,0.5466771125793457,-0.1582493931055069,0.3258904218673706,0.6165130734443665,-0.15803442895412445
yes,0.40526852011680603,0.9174222946166992,1.6169175296454341e-06,0.47009849548339844,0.8633188009262085,-0.08630099147558212,0.4863331913948059,0.7503702044487,-0.1283545196056366,0.39256954193115234,0.6637637615203857,-0.15585274994373322,0.30454549193382263,0.6052522659301758,-0.1844046413898468,0.49400025606155396,0.5344539284706116,-0.10783029347658157,0.5805091857910156,0.36709529161453247,-0.155243918299675,0.6302633285522461,0.256460964679718,-0.18996275961399078,0.6706874966621399,0.15706580877304077,-0.21436379849910736,0.41729214787483215,0.5107737183570862,-0.09889889508485794,0.4495035707950592,0.3049353361129761,-0.14304523169994354,0.4724816083908081,0.17418169975280762,-0.1777247190475464,0.48803582787513733,0.05746081471443176,-0.2007540911436081,0.34909117221832275,0.5357046723365784,-0.09524764120578766,0.319873183965683,0.353101909160614,-0.1534108966588974,0.3155597448348999,0.23027735948562622,-0.19183696806430817,0.3122643232345581,0.11778092384338379,-0.2154795229434967,0.28576913475990295,0.6001430749893188,-0.09641586989164352,0.2747155427932739,0.4770527184009552,-0.15014460682868958,0.2959020733833313,0.5284311175346375,-0.15602700412273407,0.3152136206626892,0.5933398008346558,-0.1557048112154007
yes,0.40921303629875183,0.9272758960723877,1.5676851035095751e-06,0.47223541140556335,0.8672892451286316,-0.08118297904729843,0.48512598872184753,0.7515318393707275,-0.11624165624380112,0.38989317417144775,0.6632242202758789,-0.13591063022613525,0.30211156606674194,0.6082481145858765,-0.15556661784648895,0.494201123714447,0.5340692400932312,-0.09691634774208069,0.5808872580528259,0.3643019497394562,-0.1390620917081833,0.6308788061141968,0.2549203932285309,-0.16957221925258636,0.6714756488800049,0.15651482343673706,-0.19058264791965485,0.41723528504371643,0.5126773118972778,-0.08863992989063263,0.44824153184890747,0.303796648979187,-0.129810631275177,0.4700723886489868,0.17392966151237488,-0.16092707216739655,0.4858319163322449,0.057167619466781616,-0.179689422249794,0.3494170010089874,0.538794219493866,-0.08565685898065567,0.3181766867637634,0.3553602695465088,-0.14275692403316498,0.31716230511665344,0.2313190996646881,-0.17943769693374634,0.31638431549072266,0.1135610044002533,-0.19987352192401886,0.287866473197937,0.6096145510673523,-0.08697797358036041,0.2809487581253052,0.4856080412864685,-0.1376606971025467,0.3063015639781952,0.5451912879943848,-0.1388227343559265,0.3270758092403412,0.6193857789039612,-0.1339021474123001
yes,0.40526074171066284,0.9217174053192139,1.5764173895149725e-06,0.4697543680667877,0.8656266331672668,-0.08453299850225449,0.4836934804916382,0.7545303702354431,-0.12004902213811874,0.3906467854976654,0.6655162572860718,-0.13947460055351257,0.30525436997413635,0.6077910661697388,-0.15861786901950836,0.4920949339866638,0.5325947403907776,-0.09988537430763245,0.5790673494338989,0.36176878213882446,-0.14304623007774353,0.6285742521286011,0.2519482374191284,-0.17425018548965454,0.66875159740448,0.15268847346305847,-0.1957518309354782,0.4156627058982849,0.5091632604598999,-0.09015006572008133,0.4483753442764282,0.3000034689903259,-0.1317223757505417,0.47038277983665466,0.1704816222190857,-0.16348576545715332,0.4868074357509613,0.0532626211643219,-0.18289901316165924,0.34812790155410767,0.5334154963493347,-0.08607400953769684,0.3177119493484497,0.35245558619499207,-0.14346294105052948,0.31536176800727844,0.22981899976730347,-0.1809968203306198,0.31401365995407104,0.11337965726852417,-0.20224900543689728,0.2868798077106476,0.603852391242981,-0.08668531477451324,0.2793930470943451,0.48315176367759705,-0.1372663676738739,0.3042304515838623,0.5413039922714233,-0.1389760822057724,0.32473939657211304,0.6146402359008789,-0.13469301164150238
yes,0.40487056970596313,0.9127556681632996,1.6046074051700998e-06,0.4708176851272583,0.8579889535903931,-0.08507437258958817,0.4859467148780823,0.7430586814880371,-0.1259622722864151,0.3906022608280182,0.6593471169471741,-0.15268924832344055,0.3031092882156372,0.5997240543365479,-0.18050098419189453,0.49467378854751587,0.530369222164154,-0.10476285964250565,0.5793577432632446,0.3615536093711853,-0.1506274938583374,0.6281690001487732,0.25162336230278015,-0.1837960183620453,0.6674214005470276,0.1522471010684967,-0.20733238756656647,0.4176752269268036,0.5075276494026184,-0.09670715779066086,0.44953104853630066,0.29928869009017944,-0.13806305825710297,0.4724844694137573,0.1702837347984314,-0.17120623588562012,0.4891437888145447,0.055581480264663696,-0.1937374472618103,0.3489893674850464,0.5322544574737549,-0.09428732097148895,0.3176088035106659,0.3490447998046875,-0.1518659144639969,0.31387847661972046,0.22562605142593384,-0.19221165776252747,0.3122662603855133,0.1141228973865509,-0.21786116063594818,0.2869585454463959,0.5942467451095581,-0.09652538597583771,0.27653956413269043,0.4787461459636688,-0.15262499451637268,0.2991997301578522,0.5341190099716187,-0.16139505803585052,0.3196379542350769,0.6004191040992737,-0.16325385868549347
yes,0.4079635739326477,0.9154325723648071,1.6354847502952907e-06,0.4714360237121582,0.862297534942627,-0.0885264202952385,0.48497140407562256,0.7451334595680237,-0.13044412434101105,0.39006584882736206,0.6630457639694214,-0.1570403277873993,0.29973381757736206,0.6063726544380188,-0.18494610488414764,0.49313560128211975,0.529986560344696,-0.10728716105222702,0.578110933303833,0.3642045259475708,-0.1528654247522354,0.6272947788238525,0.25452056527137756,-0.18657207489013672,0.6670137047767639,0.1546688973903656,-0.21067768335342407,0.41693633794784546,0.5078612565994263,-0.09732551127672195,0.44890838861465454,0.30238211154937744,-0.13893158733844757,0.4710206091403961,0.17205652594566345,-0.1726343184709549,0.4868355989456177,0.05509045720100403,-0.1954168677330017,0.3486729860305786,0.5329512357711792,-0.09310255199670792,0.31782329082489014,0.3508472442626953,-0.15218403935432434,0.3139559328556061,0.22725576162338257,-0.19382882118225098,0.31221988797187805,0.1139485239982605,-0.22027920186519623,0.287141352891922,0.5955249071121216,-0.09371094405651093,0.2799287438392639,0.4879854917526245,-0.15312790870666504,0.30464380979537964,0.5518323183059692,-0.16325107216835022,0.32610344886779785,0.6239989995956421,-0.1655452996492386
yes,0.40583813190460205,0.920732319355011,1.5579629462081357e-06,0.47089409828186035,0.8628183603286743,-0.08389047533273697,0.48560860753059387,0.7487752437591553,-0.11892632395029068,0.39167913794517517,0.6627888679504395,-0.13774944841861725,0.3036958575248718,0.6090404391288757,-0.156358003616333,0.49165093898773193,0.5324323177337646,-0.1011420488357544,0.578411340713501,0.3617706298828125,-0.1436721533536911,0.6269544959068298,0.2517518699169159,-0.17372079193592072,0.6661990284919739,0.15221619606018066,-0.1941375434398651,0.41528764367103577,0.5103475451469421,-0.09142253547906876,0.44745999574661255,0.3007552921772003,-0.13265302777290344,0.469777375459671,0.17061826586723328,-0.16297124326229095,0.48582711815834045,0.05456921458244324,-0.18113476037979126,0.3478567898273468,0.5345404744148254,-0.08715813606977463,0.31760936975479126,0.3526645600795746,-0.14387276768684387,0.31539687514305115,0.22950589656829834,-0.18025662004947662,0.3136996030807495,0.11218276619911194,-0.20060481131076813,0.28694260120391846,0.6040056943893433,-0.08755821734666824,0.28042763471603394,0.4814188778400421,-0.13661667704582214,0.30576369166374207,0.5397648215293884,-0.1372806429862976,0.3264017701148987,0.6146787405014038,-0.13246865570545197
yes,0.40566182136535645,0.9164525866508484,1.5906621229078155e-06,0.46938374638557434,0.8621965050697327,-0.08798456192016602,0.48366016149520874,0.7500895261764526,-0.12942881882190704,0.3908420503139496,0.6599203944206238,-0.15554317831993103,0.3028517961502075,0.5974959135055542,-0.18226565420627594,0.49255937337875366,0.5321231484413147,-0.10754100978374481,0.5795593857765198,0.3637309968471527,-0.15463171899318695,0.6286224126815796,0.25295934081077576,-0.1890593320131302,0.6682494282722473,0.15223678946495056,-0.21313272416591644,0.41724321246147156,0.5082243084907532,-0.09792198985815048,0.4503289461135864,0.30017146468162537,-0.14155423641204834,0.47266289591789246,0.16917991638183594,-0.1751500964164734,0.4878358840942383,0.05158042907714844,-0.19692976772785187,0.3497813642024994,0.532676637172699,-0.09393880516290665,0.3193433880805969,0.34906089305877686,-0.15299689769744873,0.31463855504989624,0.22724145650863647,-0.19053302705287933,0.31172317266464233,0.11358827352523804,-0.2128128856420517,0.2881124019622803,0.5987823009490967,-0.09493520855903625,0.2748841643333435,0.475686252117157,-0.1492464542388916,0.2956756353378296,0.5315241813659668,-0.1537165641784668,0.3155410885810852,0.6007709503173828,-0.15182693302631378
yes,0.4040699303150177,0.918498694896698,1.579590730216296e-06,0.4697312116622925,0.8618888854980469,-0.08535762131214142,0.4842877686023712,0.7496812343597412,-0.12228643149137497,0.3903666138648987,0.6635159254074097,-0.1430666744709015,0.3023781478404999,0.60719233751297,-0.16384057700634003,0.49271902441978455,0.531857430934906,-0.1021597757935524,0.5788787007331848,0.36164432764053345,-0.14541476964950562,0.6281703114509583,0.2520090639591217,-0.17657098174095154,0.6684919595718384,0.1530815064907074,-0.19805632531642914,0.4162543714046478,0.5093679428100586,-0.0922849252820015,0.44817686080932617,0.29979783296585083,-0.13388584554195404,0.46997982263565063,0.1701187789440155,-0.1661747246980667,0.48626038432121277,0.053574711084365845,-0.18612658977508545,0.3487216532230377,0.5328031182289124,-0.08793961256742477,0.3171886205673218,0.35124123096466064,-0.1458415687084198,0.31616511940956116,0.22762525081634521,-0.1851654201745987,0.31648343801498413,0.11113888025283813,-0.20800815522670746,0.2882787585258484,0.6004459261894226,-0.08821402490139008,0.2813543677330017,0.48310860991477966,-0.1407967060804367,0.30811333656311035,0.5443715453147888,-0.14479853212833405,0.33080002665519714,0.6205685138702393,-0.14218579232692719
yes,0.4066598117351532,0.9175266027450562,1.58871637268021e-06,0.4716396629810333,0.8632785677909851,-0.08546441048383713,0.4858001470565796,0.7477321624755859,-0.12461642175912857,0.3910731077194214,0.6620690226554871,-0.14865614473819733,0.3036382496356964,0.6034600734710693,-0.17330555617809296,0.4951052665710449,0.5320069193840027,-0.1030334010720253,0.5797352194786072,0.364291250705719,-0.14751455187797546,0.6294361352920532,0.2548663020133972,-0.17999722063541412,0.6699001789093018,0.1547527313232422,-0.20291058719158173,0.41845938563346863,0.5087147951126099,-0.09395425021648407,0.45044422149658203,0.3012402057647705,-0.13473494350910187,0.4719478189945221,0.17165109515190125,-0.16681045293807983,0.4873267412185669,0.05452239513397217,-0.1879800260066986,0.3498154580593109,0.5326749086380005,-0.09052279591560364,0.319627583026886,0.35045719146728516,-0.14771826565265656,0.31558433175086975,0.22805893421173096,-0.18623478710651398,0.3131606876850128,0.11434495449066162,-0.20983827114105225,0.28794655203819275,0.5967140793800354,-0.09189102798700333,0.2794528007507324,0.47969675064086914,-0.14641503989696503,0.3025555908679962,0.5406022071838379,-0.15214300155639648,0.3226829767227173,0.6121148467063904,-0.15132062137126923
yes,0.4066581428050995,0.9127272963523865,1.6043211417127168e-06,0.47110891342163086,0.8582175374031067,-0.08481208980083466,0.4861748218536377,0.7425943613052368,-0.12506918609142303,0.39035263657569885,0.6581898927688599,-0.15084947645664215,0.3023102879524231,0.6009988784790039,-0.17761050164699554,0.4952343702316284,0.5292040705680847,-0.10318201035261154,0.5791834592819214,0.3618754744529724,-0.14840824902057648,0.6283265948295593,0.2525966465473175,-0.18172159790992737,0.6680736541748047,0.15284854173660278,-0.20545867085456848,0.4182121455669403,0.506982147693634,-0.0948868840932846,0.44934946298599243,0.3005794584751129,-0.13597357273101807,0.4715181589126587,0.17153948545455933,-0.16903914511203766,0.48691022396087646,0.05568549036979675,-0.19131891429424286,0.34998437762260437,0.5323684811592102,-0.0921308696269989,0.318317174911499,0.3514813780784607,-0.1493224948644638,0.31372249126434326,0.22858986258506775,-0.18819957971572876,0.3104954659938812,0.11571124196052551,-0.21252334117889404,0.28810226917266846,0.5955362319946289,-0.0940968245267868,0.27886098623275757,0.48007482290267944,-0.14923787117004395,0.301624596118927,0.5375735759735107,-0.15595971047878265,0.32129132747650146,0.6051878929138184,-0.15609800815582275
yes,0.4083568751811981,0.9180189371109009,1.6152313264683471e-06,0.47112321853637695,0.8608441352844238,-0.08423060178756714,0.484625905752182,0.7466362714767456,-0.12383919209241867,0.38995975255966187,0.6618232727050781,-0.14864800870418549,0.30125272274017334,0.6059931516647339,-0.17420004308223724,0.49430766701698303,0.5305113792419434,-0.10231564193964005,0.5792791843414307,0.36233484745025635,-0.14731676876544952,0.6288691759109497,0.25183236598968506,-0.18063823878765106,0.6694579124450684,0.15195992588996887,-0.20401541888713837,0.41756370663642883,0.5081883668899536,-0.09397577494382858,0.44861456751823425,0.30153030157089233,-0.1357695460319519,0.47049134969711304,0.16966328024864197,-0.16884344816207886,0.48600831627845764,0.051566094160079956,-0.1903654932975769,0.34943458437919617,0.5332171320915222,-0.09106075763702393,0.31856438517570496,0.3521440923213959,-0.1486184000968933,0.31537675857543945,0.22903946042060852,-0.18718867003917694,0.31307417154312134,0.11537745594978333,-0.21057385206222534,0.28797709941864014,0.5983855724334717,-0.09283501654863358,0.2795734107494354,0.482627809047699,-0.1476382613182068,0.30309218168258667,0.5418481826782227,-0.15324042737483978,0.3234632611274719,0.6126468777656555,-0.15197888016700745
yes,0.4089065194129944,0.9211848378181458,1.5839102616155287e-06,0.47398582100868225,0.8621536493301392,-0.08413778245449066,0.4869655668735504,0.748028576374054,-0.1199130043387413,0.39208731055259705,0.6632486581802368,-0.13955743610858917,0.304775595664978,0.6108060479164124,-0.15912660956382751,0.4936569035053253,0.5317676067352295,-0.10078536719083786,0.5790773630142212,0.3628106117248535,-0.14422570168972015,0.6285337209701538,0.25309261679649353,-0.1756887435913086,0.6692659258842468,0.1537669599056244,-0.19720947742462158,0.4168461859226227,0.509687602519989,-0.0913897231221199,0.44819512963294983,0.3011486232280731,-0.13198961317539215,0.4703117907047272,0.1705467402935028,-0.1629205048084259,0.4863974153995514,0.053814858198165894,-0.1821078360080719,0.34867337346076965,0.5347277522087097,-0.08766523748636246,0.3177869915962219,0.3538316786289215,-0.144325390458107,0.3160499036312103,0.23144066333770752,-0.18141551315784454,0.31435060501098633,0.1156819760799408,-0.2025938779115677,0.28702643513679504,0.6046363115310669,-0.08869584649801254,0.27926069498062134,0.4817563593387604,-0.1394300013780594,0.30586209893226624,0.5392639636993408,-0.1414518803358078,0.32711637020111084,0.6125227212905884,-0.13748468458652496
yes,0.4068606197834015,0.9133063554763794,1.6011798606996308e-06,0.4714112877845764,0.860334038734436,-0.08882790803909302,0.4855717122554779,0.7457703351974487,-0.13087216019630432,0.3919365406036377,0.6589905023574829,-0.15750068426132202,0.30399155616760254,0.5970817804336548,-0.1849130392074585,0.49456343054771423,0.5321311950683594,-0.11007901281118393,0.5799716711044312,0.3650088310241699,-0.15767353773117065,0.629545271396637,0.2553301453590393,-0.19251804053783417,0.6696729063987732,0.15481430292129517,-0.2170981615781784,0.4182393550872803,0.5078475475311279,-0.1005043163895607,0.450451135635376,0.29906022548675537,-0.1432843953371048,0.47248226404190063,0.16954511404037476,-0.1774463653564453,0.48737457394599915,0.0531330406665802,-0.20058293640613556,0.34999150037765503,0.5312522649765015,-0.09664124995470047,0.31914621591567993,0.3489229083061218,-0.15498779714107513,0.31398189067840576,0.22627827525138855,-0.1946546584367752,0.3103428781032562,0.11355462670326233,-0.21954719722270966,0.28789806365966797,0.5936213731765747,-0.09782519936561584,0.27624043822288513,0.47390878200531006,-0.15246587991714478,0.2978982627391815,0.527880072593689,-0.15945769846439362,0.31733080744743347,0.5945045948028564,-0.1602904051542282
yes,0.4055367112159729,0.9212816953659058,1.5934174371068366e-06,0.4699861407279968,0.8653982877731323,-0.0840492844581604,0.48518750071525574,0.7499489784240723,-0.12206616252660751,0.39092257618904114,0.6621712446212769,-0.1449228674173355,0.30227169394493103,0.6065781116485596,-0.16841112077236176,0.49327874183654785,0.5328740477561951,-0.10037563741207123,0.5793797373771667,0.3629423975944519,-0.14312522113323212,0.6286439299583435,0.2528885006904602,-0.17451997101306915,0.6685116291046143,0.15288805961608887,-0.19663743674755096,0.41667062044143677,0.5090726613998413,-0.09101959317922592,0.44860994815826416,0.3029738664627075,-0.1312987506389618,0.47114598751068115,0.17332696914672852,-0.16295035183429718,0.48786595463752747,0.05700668692588806,-0.18306681513786316,0.3490592837333679,0.5330695509910583,-0.08698703348636627,0.31838685274124146,0.35126304626464844,-0.14342422783374786,0.31676822900772095,0.2287951111793518,-0.1810326874256134,0.3170738220214844,0.11418202519416809,-0.20347100496292114,0.2876594662666321,0.5987669229507446,-0.08755778521299362,0.2798369824886322,0.4832654297351837,-0.14105680584907532,0.3045803904533386,0.5453960299491882,-0.14537930488586426,0.3269507884979248,0.6189415454864502,-0.14300991594791412
yes,0.4026356041431427,0.9113094806671143,1.5862697182456031e-06,0.4693743586540222,0.8585238456726074,-0.08804429322481155,0.4860471785068512,0.7461007833480835,-0.1290978640317917,0.3917464315891266,0.6599376797676086,-0.15482111275196075,0.30398431420326233,0.599441647529602,-0.18118807673454285,0.4951900243759155,0.5300248265266418,-0.10750030726194382,0.5807958841323853,0.3627970218658447,-0.1540633589029312,0.6298406720161438,0.2542361319065094,-0.18814052641391754,0.6699295043945312,0.1553620994091034,-0.21231961250305176,0.4185223877429962,0.5070819854736328,-0.09818380326032639,0.4503137767314911,0.3002530336380005,-0.1417233645915985,0.4729611575603485,0.17146635055541992,-0.17671777307987213,0.48900309205055237,0.05592060089111328,-0.20023731887340546,0.3497370183467865,0.5315784215927124,-0.0946209579706192,0.32047760486602783,0.34980905055999756,-0.15397797524929047,0.31687355041503906,0.22673699259757996,-0.19476129114627838,0.3143783509731293,0.11299848556518555,-0.22003865242004395,0.28683769702911377,0.5952632427215576,-0.09596717357635498,0.2778222858905792,0.47420281171798706,-0.15108130872249603,0.299616277217865,0.5283327698707581,-0.15850554406642914,0.318112850189209,0.5956814885139465,-0.1594775766134262
yes,0.40633365511894226,0.9220730066299438,1.5539367268502247e-06,0.4695887565612793,0.8656373023986816,-0.08227841556072235,0.48409774899482727,0.7509072422981262,-0.11976852267980576,0.39297133684158325,0.6600148677825928,-0.14283151924610138,0.30700626969337463,0.6014025807380676,-0.16629955172538757,0.4958624839782715,0.5327467322349548,-0.09889646619558334,0.5797954797744751,0.36375075578689575,-0.1425856053829193,0.628267765045166,0.2544686794281006,-0.17481106519699097,0.6673563718795776,0.1552298367023468,-0.1974780261516571,0.4185987114906311,0.5084356069564819,-0.09129505604505539,0.4498897194862366,0.3002353310585022,-0.13041967153549194,0.47155359387397766,0.1712355613708496,-0.16174645721912384,0.48716092109680176,0.05603143572807312,-0.18229500949382782,0.34980109333992004,0.5334411859512329,-0.08927588909864426,0.31969425082206726,0.3502132296562195,-0.14422117173671722,0.31669819355010986,0.22677987813949585,-0.18195544183254242,0.3144270181655884,0.1129043698310852,-0.20495134592056274,0.2874446511268616,0.6003513336181641,-0.09193316102027893,0.2776526212692261,0.47818857431411743,-0.14374162256717682,0.30149656534194946,0.5308785438537598,-0.14873674511909485,0.3218340277671814,0.5973829627037048,-0.14742493629455566
yes,0.4040878415107727,0.9195317029953003,1.5549991303487332e-06,0.4710944890975952,0.8611148595809937,-0.07914459705352783,0.48624420166015625,0.7497552037239075,-0.11483412235975266,0.39074984192848206,0.6616166234016418,-0.13671444356441498,0.3040352463722229,0.6050788164138794,-0.15891487896442413,0.4957529902458191,0.5328067541122437,-0.09463450312614441,0.5800944566726685,0.36228761076927185,-0.13709308207035065,0.6286702156066895,0.253327876329422,-0.1675286740064621,0.6685562133789062,0.1548214554786682,-0.1886325180530548,0.41822853684425354,0.5081942081451416,-0.08783397823572159,0.4500753879547119,0.30041831731796265,-0.12832561135292053,0.47318193316459656,0.17128118872642517,-0.1585560142993927,0.49102652072906494,0.05611032247543335,-0.17722095549106598,0.3498535752296448,0.5325647592544556,-0.08642303198575974,0.31880640983581543,0.34831172227859497,-0.1427094042301178,0.3168564438819885,0.22673586010932922,-0.1783115714788437,0.3168000280857086,0.11318153142929077,-0.1985396146774292,0.2877601981163025,0.6010684967041016,-0.08931272476911545,0.27794402837753296,0.4756663739681244,-0.14027951657772064,0.30197882652282715,0.532254695892334,-0.14210739731788635,0.324341744184494,0.6040685176849365,-0.13786208629608154
yes,0.40883320569992065,0.922218918800354,1.5459156657016138e-06,0.47371411323547363,0.8602374792098999,-0.07993680238723755,0.4867683947086334,0.7486488819122314,-0.11410565674304962,0.39192327857017517,0.6619819402694702,-0.13341504335403442,0.3050696849822998,0.609481692314148,-0.15242427587509155,0.49397456645965576,0.531545877456665,-0.09602465480566025,0.5800657272338867,0.36137300729751587,-0.1378026008605957,0.6292573809623718,0.2528025507926941,-0.1678030639886856,0.6692168116569519,0.15484100580215454,-0.18844331800937653,0.4172723889350891,0.5087249875068665,-0.08845194429159164,0.449160635471344,0.299430787563324,-0.12828534841537476,0.4720972776412964,0.17023620009422302,-0.15869788825511932,0.4887790083885193,0.05493703484535217,-0.17760337889194489,0.3496502935886383,0.5339460968971252,-0.08632189780473709,0.3192123770713806,0.351434588432312,-0.14111416041851044,0.318570077419281,0.2279186248779297,-0.17751166224479675,0.3177313506603241,0.11205017566680908,-0.19830024242401123,0.2878619432449341,0.6050265431404114,-0.08864615112543106,0.2790020704269409,0.4745485484600067,-0.1353197991847992,0.30441367626190186,0.5248427987098694,-0.1359664350748062,0.3256491422653198,0.5948165059089661,-0.13170918822288513
yes,0.40345239639282227,0.911435067653656,1.5989041912689572e-06,0.4694850444793701,0.8608548641204834,-0.0884457677602768,0.48590123653411865,0.7483720183372498,-0.12989938259124756,0.3919343948364258,0.6598392724990845,-0.15576662123203278,0.30304932594299316,0.5978506207466125,-0.18215501308441162,0.4940513074398041,0.531316876411438,-0.10901510715484619,0.5807082653045654,0.36338794231414795,-0.1556510031223297,0.6298792958259583,0.2538808286190033,-0.18915840983390808,0.6696904301643372,0.15450352430343628,-0.2125810980796814,0.4178272485733032,0.5077929496765137,-0.09901190549135208,0.4506232738494873,0.30053555965423584,-0.14247918128967285,0.47321510314941406,0.16975075006484985,-0.1757591813802719,0.4889219403266907,0.05249854922294617,-0.19751477241516113,0.34984856843948364,0.5321506857872009,-0.09458430856466293,0.32004714012145996,0.3501858711242676,-0.15375231206417084,0.31673628091812134,0.22787967324256897,-0.19234079122543335,0.31474509835243225,0.11432158946990967,-0.2157358080148697,0.2877850830554962,0.5968945622444153,-0.09510549157857895,0.2800498604774475,0.4805254638195038,-0.1504850536584854,0.3030504286289215,0.5387529730796814,-0.15654948353767395,0.3230891525745392,0.6089722514152527,-0.15593254566192627
yes,0.40673062205314636,0.9176943302154541,1.6223295915551716e-06,0.47226884961128235,0.8633002638816833,-0.086978979408741,0.4867180585861206,0.748920738697052,-0.12581945955753326,0.3918232321739197,0.6648428440093994,-0.1488221138715744,0.30363988876342773,0.6103153824806213,-0.17234821617603302,0.4956595003604889,0.5314444899559021,-0.10396844148635864,0.5811961889266968,0.363127738237381,-0.1484690010547638,0.630893886089325,0.2532091736793518,-0.18112818896770477,0.6715266704559326,0.15368187427520752,-0.20396162569522858,0.4185831844806671,0.5077825784683228,-0.09392985701560974,0.4512077569961548,0.3003072142601013,-0.1353926658630371,0.4736292362213135,0.16926097869873047,-0.1683979630470276,0.49030885100364685,0.051836252212524414,-0.18966001272201538,0.34997329115867615,0.5312491655349731,-0.08957993239164352,0.319796085357666,0.348782479763031,-0.14754348993301392,0.31714731454849243,0.22684988379478455,-0.18708838522434235,0.3163871169090271,0.11322608590126038,-0.21080106496810913,0.28843772411346436,0.5964334011077881,-0.09008413553237915,0.2811548709869385,0.4803798496723175,-0.14512327313423157,0.30558592081069946,0.542263925075531,-0.15088531374931335,0.3265712261199951,0.616248607635498,-0.1495712399482727
yes,0.40503251552581787,0.9191775918006897,1.6094586499093566e-06,0.47335219383239746,0.8642305135726929,-0.08374843001365662,0.48925161361694336,0.7460777759552002,-0.1229812279343605,0.390912801027298,0.6617708206176758,-0.14789898693561554,0.30151453614234924,0.6044192910194397,-0.17393165826797485,0.4977526366710663,0.5308555960655212,-0.10008550435304642,0.5809662342071533,0.36258912086486816,-0.14438702166080475,0.6309865713119507,0.2537245452404022,-0.17730817198753357,0.6721183657646179,0.154086172580719,-0.2008231282234192,0.41969823837280273,0.508216381072998,-0.09235846996307373,0.45027974247932434,0.3031769096851349,-0.13225848972797394,0.47217193245887756,0.1726434826850891,-0.165553018450737,0.4887375235557556,0.054713428020477295,-0.18803533911705017,0.35088005661964417,0.5334497094154358,-0.09023123234510422,0.31943750381469727,0.3511936366558075,-0.14814892411231995,0.3167903423309326,0.2277507781982422,-0.18908154964447021,0.31630921363830566,0.11371052265167236,-0.2148735076189041,0.2894589304924011,0.5964067578315735,-0.09258325397968292,0.28217196464538574,0.4882819950580597,-0.15140369534492493,0.3073939383029938,0.5531710386276245,-0.16051624715328217,0.32915663719177246,0.6256306171417236,-0.16165171563625336
yes,0.40442049503326416,0.9161321520805359,1.6064991541497875e-06,0.4717153310775757,0.8602017164230347,-0.07867401838302612,0.4890705347061157,0.7448821067810059,-0.1170802041888237,0.3942599296569824,0.6604921817779541,-0.1428898423910141,0.3057595193386078,0.6058198809623718,-0.17019601166248322,0.4979546368122101,0.5316839218139648,-0.09404443204402924,0.5807285308837891,0.3662983179092407,-0.13756172358989716,0.6314365863800049,0.25745689868927,-0.17026814818382263,0.6725906729698181,0.15807360410690308,-0.1937042772769928,0.420200914144516,0.5062410235404968,-0.08874628692865372,0.45207479596138,0.3006189465522766,-0.12699328362941742,0.4749763309955597,0.17140251398086548,-0.15879952907562256,0.49169135093688965,0.0550781786441803,-0.18035712838172913,0.35070252418518066,0.5310737490653992,-0.08876354247331619,0.3198460638523102,0.34759098291397095,-0.14442886412143707,0.3170284628868103,0.22564247250556946,-0.18271876871585846,0.3157637119293213,0.11334821581840515,-0.2067890465259552,0.28823697566986084,0.5948144197463989,-0.09299808740615845,0.2812846004962921,0.4818010926246643,-0.14954479038715363,0.30563899874687195,0.5435097217559814,-0.15660928189754486,0.3270561099052429,0.6128796339035034,-0.15632668137550354
yes,0.4035656154155731,0.9097014665603638,1.624105948394572e-06,0.4707564115524292,0.8595433235168457,-0.08413073420524597,0.4895840883255005,0.7469573616981506,-0.12557704746723175,0.39686986804008484,0.6613543033599854,-0.1531979888677597,0.30841219425201416,0.6008377075195312,-0.1822960525751114,0.49859726428985596,0.5299323797225952,-0.10281312465667725,0.5817718505859375,0.36386600136756897,-0.14857017993927002,0.631747841835022,0.2545444369316101,-0.18187406659126282,0.6722853779792786,0.1545407772064209,-0.20568053424358368,0.4210192859172821,0.5050724744796753,-0.09564890712499619,0.45273882150650024,0.2982683777809143,-0.13730278611183167,0.4742002785205841,0.16966745257377625,-0.1708415448665619,0.49075847864151,0.05282774567604065,-0.19303874671459198,0.3516133427619934,0.5291244387626648,-0.09384961426258087,0.31998610496520996,0.34750863909721375,-0.15386709570884705,0.31612831354141235,0.2242431938648224,-0.19500872492790222,0.316124826669693,0.11070635914802551,-0.22071623802185059,0.2899811863899231,0.5916911363601685,-0.09639345109462738,0.28135445713996887,0.48975473642349243,-0.15811094641685486,0.30578750371932983,0.5576364994049072,-0.16821737587451935,0.3290822505950928,0.6309694647789001,-0.16956043243408203
yes,0.404876708984375,0.9182854890823364,1.6148867416632129e-06,0.46963614225387573,0.8638192415237427,-0.08409181237220764,0.4854221045970917,0.7461857795715332,-0.12314049899578094,0.3901725709438324,0.6595447063446045,-0.14784957468509674,0.30228596925735474,0.605133056640625,-0.17365184426307678,0.4961112141609192,0.5300402641296387,-0.09916409850120544,0.5808300971984863,0.3640603721141815,-0.14304710924625397,0.6317547559738159,0.2547353208065033,-0.17622867226600647,0.6735226511955261,0.154809832572937,-0.19987760484218597,0.41847410798072815,0.5042364597320557,-0.09051287919282913,0.45112043619155884,0.2998315095901489,-0.12933655083179474,0.47296008467674255,0.16868239641189575,-0.1615753024816513,0.48920851945877075,0.051253706216812134,-0.18328531086444855,0.34973618388175964,0.5279702544212341,-0.08743297308683395,0.31982704997062683,0.34746643900871277,-0.14215463399887085,0.3165653944015503,0.22686266899108887,-0.17971482872962952,0.3156728148460388,0.11680188775062561,-0.20325784385204315,0.28770631551742554,0.5920895934104919,-0.0892731100320816,0.27901583909988403,0.4793241024017334,-0.14309869706630707,0.3008318841457367,0.5401546955108643,-0.148819699883461,0.3205518126487732,0.610299825668335,-0.14798183739185333
yes,0.4029225707054138,0.9163293838500977,1.5557475308014546e-06,0.4713270962238312,0.8580435514450073,-0.07950145751237869,0.4893115758895874,0.7458848357200623,-0.11380542069673538,0.3933330178260803,0.6600079536437988,-0.13354383409023285,0.30625852942466736,0.6049537658691406,-0.15345525741577148,0.49616578221321106,0.5306977033615112,-0.09452640265226364,0.5821582078933716,0.3619437515735626,-0.13668876886367798,0.6315535306930542,0.2527015805244446,-0.16721348464488983,0.6718275547027588,0.15303322672843933,-0.1883476972579956,0.4182765781879425,0.5070725679397583,-0.08766458928585052,0.45122864842414856,0.2981894910335541,-0.12735755741596222,0.4731784164905548,0.16780027747154236,-0.15799541771411896,0.4891014099121094,0.05119028687477112,-0.17721869051456451,0.349527508020401,0.5318546891212463,-0.08623039722442627,0.3198311924934387,0.35043805837631226,-0.14266560971736908,0.3173535168170929,0.22784358263015747,-0.17916597425937653,0.3152538239955902,0.11272984743118286,-0.19999510049819946,0.28767141699790955,0.600608229637146,-0.0891297236084938,0.2795141935348511,0.4766620397567749,-0.14003250002861023,0.30406221747398376,0.5347291827201843,-0.14151673018932343,0.3247698247432709,0.6083844304084778,-0.1370861828327179
yes,0.40671220421791077,0.9111050367355347,1.6026530147428275e-06,0.47209692001342773,0.8570550680160522,-0.08667494356632233,0.48684027791023254,0.742265522480011,-0.1281377226114273,0.3925812244415283,0.6563374996185303,-0.1551218181848526,0.3048728108406067,0.5963594317436218,-0.18313050270080566,0.4952670931816101,0.5280337333679199,-0.10575708001852036,0.5807533264160156,0.3617686331272125,-0.15262769162654877,0.6312306523323059,0.25272223353385925,-0.1876021772623062,0.6719484329223633,0.1528415083885193,-0.21247336268424988,0.41927236318588257,0.5048251152038574,-0.0969507172703743,0.45181986689567566,0.2970236837863922,-0.13865265250205994,0.4742540717124939,0.16712409257888794,-0.1733025759458542,0.48917409777641296,0.04875284433364868,-0.19725538790225983,0.35135456919670105,0.5294938087463379,-0.09378276765346527,0.3207545876502991,0.3491055965423584,-0.15047748386859894,0.316011905670166,0.22692272067070007,-0.18996717035770416,0.31264734268188477,0.11476093530654907,-0.21520724892616272,0.28966188430786133,0.5918398499488831,-0.09564971178770065,0.2784658670425415,0.4733234941959381,-0.14925462007522583,0.2994876503944397,0.5259804129600525,-0.1563909947872162,0.31826579570770264,0.5898739099502563,-0.15758085250854492
yes,0.4075066149234772,0.9178750514984131,1.579977038090874e-06,0.4714061915874481,0.8597071766853333,-0.08187711238861084,0.4858166575431824,0.7439610958099365,-0.11929002404212952,0.3917068839073181,0.6555888056755066,-0.14198069274425507,0.3048677146434784,0.5986971259117126,-0.16524535417556763,0.495025098323822,0.5295072197914124,-0.09827006608247757,0.5799705982208252,0.36168569326400757,-0.14133116602897644,0.6295099258422852,0.2523186206817627,-0.17277272045612335,0.6698811054229736,0.1529305875301361,-0.1948281228542328,0.4181543290615082,0.5063323378562927,-0.09011661261320114,0.44978418946266174,0.29881513118743896,-0.13152091205120087,0.47218894958496094,0.16860643029212952,-0.16327287256717682,0.48923957347869873,0.051437973976135254,-0.18309442698955536,0.35023054480552673,0.530403733253479,-0.087190181016922,0.31978121399879456,0.34829452633857727,-0.1449688971042633,0.31808245182037354,0.22522848844528198,-0.1827932894229889,0.31843990087509155,0.11071270704269409,-0.20494072139263153,0.28915220499038696,0.5961513519287109,-0.08861944079399109,0.28077417612075806,0.48096954822540283,-0.14338459074497223,0.30501750111579895,0.5449657440185547,-0.14803385734558105,0.3273876905441284,0.6195743680000305,-0.1455673724412918
yes,0.4012480676174164,0.9088894724845886,1.5962513089107233e-06,0.46924102306365967,0.8556656837463379,-0.08383531123399734,0.4880822002887726,0.7434098720550537,-0.1239205077290535,0.3940565288066864,0.6563987731933594,-0.149799644947052,0.3060077130794525,0.5962792634963989,-0.17659474909305573,0.4960242509841919,0.527572512626648,-0.10232263803482056,0.5817499160766602,0.3606536388397217,-0.14781039953231812,0.6318184733390808,0.2519819140434265,-0.18097856640815735,0.672297477722168,0.15254762768745422,-0.20437942445278168,0.4190483093261719,0.5035409331321716,-0.0948273241519928,0.45108163356781006,0.2970373034477234,-0.13645873963832855,0.4735495448112488,0.1672402024269104,-0.16935881972312927,0.489856481552124,0.051035523414611816,-0.1911194771528244,0.3506149649620056,0.5284459590911865,-0.09281573444604874,0.3202926516532898,0.34676653146743774,-0.15146088600158691,0.3163108825683594,0.2237657606601715,-0.1903878003358841,0.31455549597740173,0.11026820540428162,-0.2142062783241272,0.28863462805747986,0.5927910804748535,-0.09534531831741333,0.27978116273880005,0.4770249128341675,-0.1520208865404129,0.30308598279953003,0.5362732410430908,-0.15873530507087708,0.3245050013065338,0.60654217004776,-0.15831883251667023
yes,0.4042677581310272,0.9058475494384766,1.606672071829962e-06,0.47164592146873474,0.8541936874389648,-0.08951673656702042,0.4870471656322479,0.7409195899963379,-0.13147149980068207,0.39182305335998535,0.655856192111969,-0.15794792771339417,0.30327895283699036,0.5953854918479919,-0.18527351319789886,0.4960586428642273,0.5267751216888428,-0.10947887599468231,0.5821493268013,0.35980725288391113,-0.15680189430713654,0.6322633624076843,0.2504951059818268,-0.1915230005979538,0.6737236976623535,0.15176045894622803,-0.2161654531955719,0.4196580946445465,0.5039359927177429,-0.0996682271361351,0.45190906524658203,0.2961805462837219,-0.14235900342464447,0.47389477491378784,0.16701751947402954,-0.1776573210954666,0.4901881217956543,0.051125288009643555,-0.20201228559017181,0.3509785830974579,0.5284104347229004,-0.09573782235383987,0.3205357789993286,0.345642626285553,-0.15524820983409882,0.31635981798171997,0.2221735715866089,-0.19783441722393036,0.31466585397720337,0.10921651124954224,-0.22505812346935272,0.28905609250068665,0.5918353796005249,-0.09675637632608414,0.2795116901397705,0.47550660371780396,-0.15379402041435242,0.3030703365802765,0.5319028496742249,-0.1634926050901413,0.32387328147888184,0.6006631851196289,-0.16633795201778412
yes,0.40717244148254395,0.9157254695892334,1.6076895690275705e-06,0.4720816910266876,0.8609755635261536,-0.08565223217010498,0.48722004890441895,0.743265688419342,-0.12417619675397873,0.3920806348323822,0.6575961709022522,-0.14735335111618042,0.30379143357276917,0.6035813093185425,-0.17139415442943573,0.4972698986530304,0.5284853577613831,-0.10142368078231812,0.5822091698646545,0.3594566285610199,-0.14509525895118713,0.6326970458030701,0.25055694580078125,-0.17774352431297302,0.6740159392356873,0.151187002658844,-0.20078271627426147,0.4198615252971649,0.5037848949432373,-0.09162671118974686,0.4521862864494324,0.297338604927063,-0.13125941157341003,0.4737594723701477,0.16657564043998718,-0.1643141359090805,0.48963406682014465,0.04894855618476868,-0.18601347506046295,0.35163265466690063,0.5266067981719971,-0.08732633292675018,0.3203018307685852,0.3454359471797943,-0.14337801933288574,0.31662318110466003,0.2247147262096405,-0.18219883739948273,0.31590884923934937,0.11222147941589355,-0.20602360367774963,0.29037153720855713,0.5902903079986572,-0.0878402590751648,0.28116875886917114,0.47711437940597534,-0.14211788773536682,0.30315932631492615,0.5415303111076355,-0.14753583073616028,0.32325655221939087,0.615165114402771,-0.14619429409503937
yes,0.40341678261756897,0.9142712354660034,1.5843112350921729e-06,0.4708784520626068,0.8607888221740723,-0.08343958854675293,0.48895055055618286,0.7442443370819092,-0.12198911607265472,0.39505329728126526,0.6551026701927185,-0.14620433747768402,0.30760979652404785,0.594760000705719,-0.17118938267230988,0.49741804599761963,0.5286097526550293,-0.09965181350708008,0.5829495191574097,0.3615381121635437,-0.1443743258714676,0.6334409117698669,0.25160396099090576,-0.1769905984401703,0.6744044423103333,0.15158182382583618,-0.20002645254135132,0.4203193783760071,0.503655195236206,-0.09229645878076553,0.4524039328098297,0.29560527205467224,-0.132577046751976,0.47452250123023987,0.16481316089630127,-0.16456609964370728,0.49043041467666626,0.04784837365150452,-0.18561594188213348,0.3518332540988922,0.5283969044685364,-0.09065471589565277,0.3214520215988159,0.34489166736602783,-0.14844651520252228,0.31757956743240356,0.22121724486351013,-0.18705488741397858,0.3154582381248474,0.10667714476585388,-0.2106233686208725,0.2899094223976135,0.5933787226676941,-0.09360803663730621,0.28110650181770325,0.4758358597755432,-0.14996545016765594,0.3041202425956726,0.5356111526489258,-0.15644703805446625,0.3244514465332031,0.6053720712661743,-0.15576303005218506
yes,0.40503621101379395,0.9156888723373413,1.5676446309953462e-06,0.47295331954956055,0.8600369691848755,-0.07991963624954224,0.49029427766799927,0.7434307932853699,-0.11570170521736145,0.39612525701522827,0.6560007333755493,-0.1377846747636795,0.30980050563812256,0.5977884531021118,-0.16038614511489868,0.4983775317668915,0.528784990310669,-0.09399153292179108,0.5823928117752075,0.36125558614730835,-0.13673631846904755,0.6326072812080383,0.25256964564323425,-0.16812746226787567,0.6736394166946411,0.1536664068698883,-0.190302312374115,0.4207235276699066,0.5037014484405518,-0.08753985166549683,0.45328545570373535,0.2972525954246521,-0.12490496039390564,0.4757062494754791,0.16772115230560303,-0.15566635131835938,0.49268168210983276,0.05174943804740906,-0.1760750114917755,0.3518627882003784,0.5283018350601196,-0.08674659579992294,0.3209894001483917,0.3461495637893677,-0.14208677411079407,0.3187841475009918,0.22335216403007507,-0.18070437014102936,0.31826552748680115,0.11118927597999573,-0.2044583261013031,0.2911313474178314,0.5938923358917236,-0.09034757316112518,0.2821132242679596,0.48138365149497986,-0.14534297585487366,0.3069198727607727,0.5410239696502686,-0.15201176702976227,0.32838624715805054,0.6113420128822327,-0.15130983293056488
yes,0.4057437777519226,0.9143508672714233,1.584569645274314e-06,0.47263121604919434,0.8562769889831543,-0.07961974292993546,0.4878395199775696,0.7378555536270142,-0.11644186824560165,0.3916096091270447,0.6514203548431396,-0.1399708241224289,0.30467483401298523,0.5943120121955872,-0.16444668173789978,0.4991869330406189,0.5256834030151367,-0.09347821772098541,0.5835884809494019,0.3587455749511719,-0.1358601450920105,0.6342381238937378,0.25066351890563965,-0.16759242117404938,0.6749070882797241,0.15167203545570374,-0.19019214808940887,0.4218020737171173,0.502720832824707,-0.08714181929826736,0.4542047083377838,0.29678264260292053,-0.12439242750406265,0.4762554168701172,0.1669658124446869,-0.15574897825717926,0.49161678552627563,0.048881590366363525,-0.1769355982542038,0.35299623012542725,0.5278456807136536,-0.08635234087705612,0.3217742145061493,0.3455308675765991,-0.14131133258342743,0.3178551197052002,0.22233811020851135,-0.1797279268503189,0.3157433867454529,0.10814398527145386,-0.20366281270980835,0.29146501421928406,0.5909157991409302,-0.0899384468793869,0.28339648246765137,0.4757055640220642,-0.14479753375053406,0.30698636174201965,0.5365452170372009,-0.15114948153495789,0.3279568552970886,0.6066482067108154,-0.15052224695682526
yes,0.40777474641799927,0.9157543182373047,1.5811738194315694e-06,0.4742281436920166,0.8593584299087524,-0.08164989203214645,0.48914650082588196,0.7408674955368042,-0.11905209720134735,0.3929336965084076,0.6566214561462402,-0.14265267550945282,0.3049188256263733,0.5999139547348022,-0.1673053801059723,0.49825140833854675,0.5285353064537048,-0.0955904871225357,0.5827423334121704,0.3625783324241638,-0.13791508972644806,0.6330646276473999,0.25409820675849915,-0.16965243220329285,0.6735390424728394,0.15431895852088928,-0.19251565635204315,0.42153990268707275,0.5041248202323914,-0.08821197599172592,0.4541454613208771,0.2986111044883728,-0.12507420778274536,0.4757595658302307,0.16916033625602722,-0.15602809190750122,0.4913235008716583,0.052715182304382324,-0.17721369862556458,0.3530076742172241,0.5281929969787598,-0.08655129373073578,0.32256579399108887,0.34583842754364014,-0.1411578506231308,0.3191177546977997,0.22325399518013,-0.17997464537620544,0.31780239939689636,0.11099830269813538,-0.20468361675739288,0.2919752895832062,0.5910342335700989,-0.08948017656803131,0.2828625440597534,0.47960934042930603,-0.14492222666740417,0.3061293959617615,0.5422371625900269,-0.15242068469524384,0.3270031213760376,0.6135511994361877,-0.1528606414794922
yes,0.4047684371471405,0.9075182676315308,1.5921160638754372e-06,0.4718855023384094,0.8528025150299072,-0.0820607841014862,0.4891653060913086,0.7391754984855652,-0.1214303970336914,0.393876314163208,0.6540144681930542,-0.14719164371490479,0.3069469928741455,0.5951692461967468,-0.174072727560997,0.49848034977912903,0.5263553261756897,-0.09931285679340363,0.5828122496604919,0.36074408888816833,-0.14452789723873138,0.6332756876945496,0.2518327534198761,-0.17801494896411896,0.6737970113754272,0.15197917819023132,-0.2017553746700287,0.4216918349266052,0.502537727355957,-0.0927075445652008,0.4543919861316681,0.2961810231208801,-0.13309821486473083,0.4763681888580322,0.16615816950798035,-0.16606928408145905,0.49148082733154297,0.04881688952445984,-0.1883355677127838,0.3532713055610657,0.5268579721450806,-0.09161993116140366,0.32278692722320557,0.34535086154937744,-0.1490057408809662,0.31809213757514954,0.22297188639640808,-0.1881832331418991,0.3151494264602661,0.11069315671920776,-0.21258601546287537,0.29129695892333984,0.5892713665962219,-0.09503857791423798,0.28221431374549866,0.47397658228874207,-0.15148307383060455,0.30481812357902527,0.5334564447402954,-0.15885041654109955,0.3252958059310913,0.6025654077529907,-0.15904974937438965
yes,0.4101543724536896,0.9151403307914734,1.6030963934099418e-06,0.4752466082572937,0.8586009740829468,-0.08387158811092377,0.4882238209247589,0.7415133118629456,-0.12075608968734741,0.39225587248802185,0.6558530926704407,-0.14269429445266724,0.3050837516784668,0.6022884845733643,-0.16515541076660156,0.496414452791214,0.5268834829330444,-0.09746221452951431,0.5822705030441284,0.35930734872817993,-0.14003248512744904,0.6328008770942688,0.250042587518692,-0.17178261280059814,0.6739097237586975,0.1507231593132019,-0.19418948888778687,0.42015838623046875,0.5021746754646301,-0.088074691593647,0.45354241132736206,0.2953505516052246,-0.125882089138031,0.47515231370925903,0.165338933467865,-0.15712492167949677,0.4911653995513916,0.0482916533946991,-0.17765437066555023,0.35212045907974243,0.5254194736480713,-0.08438725769519806,0.32203415036201477,0.3437016010284424,-0.13870012760162354,0.3199302852153778,0.22360023856163025,-0.17615824937820435,0.3197907507419586,0.11215081810951233,-0.19905433058738708,0.29100659489631653,0.5907725095748901,-0.08555696904659271,0.2822166085243225,0.47655943036079407,-0.13831321895122528,0.3053922653198242,0.5382272005081177,-0.14316660165786743,0.32602420449256897,0.610170304775238,-0.14144167304039001
yes,0.4067441523075104,0.9160375595092773,1.5978883993739146e-06,0.4728480577468872,0.860351026058197,-0.08433142304420471,0.4888954162597656,0.7409873604774475,-0.12267836183309555,0.3950837552547455,0.6531647443771362,-0.14621584117412567,0.30733752250671387,0.5963175892829895,-0.17045415937900543,0.49729064106941223,0.5276110768318176,-0.10077521204948425,0.5816806554794312,0.36053672432899475,-0.1450001448392868,0.6321573257446289,0.2510824501514435,-0.17768457531929016,0.6734693646430969,0.15125596523284912,-0.2009691298007965,0.42005684971809387,0.5026116371154785,-0.0926293432712555,0.45221689343452454,0.29594993591308594,-0.13160698115825653,0.47437596321105957,0.16567936539649963,-0.1639808863401413,0.4907268285751343,0.04849788546562195,-0.1857588142156601,0.35152775049209595,0.526757538318634,-0.09016517549753189,0.3203182518482208,0.34489506483078003,-0.14676742255687714,0.31814950704574585,0.2222556471824646,-0.18717354536056519,0.3178391754627228,0.10931318998336792,-0.21259690821170807,0.29035115242004395,0.5911826491355896,-0.09239723533391953,0.28245919942855835,0.4789206087589264,-0.14911045134067535,0.3073585629463196,0.5398008227348328,-0.15774589776992798,0.32877644896507263,0.6099632978439331,-0.1588425636291504
yes,0.4092996120452881,0.9159866571426392,1.579679747010232e-06,0.4740196764469147,0.8571604490280151,-0.08064939826726913,0.48775431513786316,0.7392154932022095,-0.11843053251504898,0.39380553364753723,0.65147864818573,-0.14259637892246246,0.30674535036087036,0.5918492674827576,-0.16774021089076996,0.4961455464363098,0.5254944562911987,-0.09631102532148361,0.5814352035522461,0.3576415181159973,-0.13930657505989075,0.6312108635902405,0.24832001328468323,-0.17112301290035248,0.6709772348403931,0.1489827036857605,-0.19371719658374786,0.42028507590293884,0.5034830570220947,-0.08971497416496277,0.4521505534648895,0.294141560792923,-0.12826047837734222,0.4738142788410187,0.16396838426589966,-0.15958435833454132,0.48928168416023254,0.04622483253479004,-0.18016238510608673,0.35293954610824585,0.52996826171875,-0.08854074031114578,0.3211258351802826,0.34628957509994507,-0.14483939111232758,0.3179798424243927,0.2218914031982422,-0.18338008224964142,0.3165414333343506,0.10680493712425232,-0.20705333352088928,0.2928873896598816,0.595777153968811,-0.09169723838567734,0.2829324007034302,0.4819045662879944,-0.14776727557182312,0.3074719309806824,0.5430377125740051,-0.15437552332878113,0.32977449893951416,0.6137554049491882,-0.15360388159751892
yes,0.40702706575393677,0.9124130010604858,1.5505753481193096e-06,0.4713677763938904,0.855019748210907,-0.08505134284496307,0.4850248098373413,0.7440210580825806,-0.12293323129415512,0.39299798011779785,0.6543517708778381,-0.1453959196805954,0.30743175745010376,0.5950954556465149,-0.16796216368675232,0.49408403038978577,0.5273404121398926,-0.10266091674566269,0.5815615653991699,0.35970282554626465,-0.14767570793628693,0.631024956703186,0.24986371397972107,-0.18046808242797852,0.6708813309669495,0.1503203809261322,-0.20314449071884155,0.41901350021362305,0.5033009648323059,-0.09354153275489807,0.4517504572868347,0.2933095693588257,-0.13469740748405457,0.4740750789642334,0.1637181043624878,-0.16613361239433289,0.4898484945297241,0.04732692241668701,-0.18628601729869843,0.3516909182071686,0.5267784595489502,-0.09016461670398712,0.32175564765930176,0.34477072954177856,-0.14598031342029572,0.318556010723114,0.2226584553718567,-0.18244190514087677,0.3161865770816803,0.10796800255775452,-0.2040300816297531,0.2903962731361389,0.5941150188446045,-0.09180855751037598,0.27925437688827515,0.4694558084011078,-0.14118920266628265,0.30170631408691406,0.5219197273254395,-0.14356394112110138,0.3214067220687866,0.5905200839042664,-0.14072397351264954
yes,0.41174402832984924,0.9172665476799011,1.6129280311361072e-06,0.47588208317756653,0.8622738718986511,-0.08624667674303055,0.4881686270236969,0.7457026839256287,-0.1252927929162979,0.39462387561798096,0.6614589095115662,-0.14893129467964172,0.30818837881088257,0.6051985025405884,-0.17338325083255768,0.49837231636047363,0.5302842259407043,-0.1040550097823143,0.5835480690002441,0.36161714792251587,-0.1480853408575058,0.6339157819747925,0.2518565058708191,-0.18053367733955383,0.6751435399055481,0.15282732248306274,-0.20361141860485077,0.4225597083568573,0.5060379505157471,-0.09413884580135345,0.4546521306037903,0.29798054695129395,-0.1343931406736374,0.4771558344364166,0.16752296686172485,-0.16767951846122742,0.4944012761116028,0.049254000186920166,-0.18987318873405457,0.3545116186141968,0.5286989212036133,-0.08970648795366287,0.32296472787857056,0.3456991910934448,-0.1465655118227005,0.32087022066116333,0.22314339876174927,-0.1873994767665863,0.3213500380516052,0.11019697785377502,-0.21307989954948425,0.29307398200035095,0.592483639717102,-0.09001260995864868,0.28408652544021606,0.4816911518573761,-0.14574094116687775,0.3093121647834778,0.5446873903274536,-0.1536245048046112,0.3315872848033905,0.6179451942443848,-0.15438547730445862
yes,0.4076565206050873,0.9062369465827942,1.579933723405702e-06,0.474610835313797,0.8511602878570557,-0.08276727050542831,0.49041974544525146,0.7358385324478149,-0.12246023118495941,0.39629653096199036,0.6493058204650879,-0.1485547572374344,0.3104745149612427,0.5898280143737793,-0.1759033203125,0.5001371502876282,0.5215610861778259,-0.09955532103776932,0.5843266248703003,0.3572233021259308,-0.1446533352136612,0.6348165273666382,0.24950531125068665,-0.17832136154174805,0.6757011413574219,0.15082690119743347,-0.20224550366401672,0.42412927746772766,0.49655812978744507,-0.09237872809171677,0.45683982968330383,0.28909727931022644,-0.13166362047195435,0.47882726788520813,0.1603042483329773,-0.16400909423828125,0.4948543906211853,0.04410099983215332,-0.18589335680007935,0.3563661575317383,0.5206957459449768,-0.09080610424280167,0.32627224922180176,0.3382742404937744,-0.14676721394062042,0.32251855731010437,0.21664249897003174,-0.18545672297477722,0.32158902287483215,0.10524305701255798,-0.20988214015960693,0.2951880097389221,0.5836895108222961,-0.09389211237430573,0.28510594367980957,0.46907520294189453,-0.14971159398555756,0.3078968822956085,0.5283626317977905,-0.15713612735271454,0.3294071555137634,0.596836268901825,-0.1575126051902771
yes,0.4103248715400696,0.9069923162460327,1.5871449932092219e-06,0.47476232051849365,0.8499808311462402,-0.08456925302743912,0.4895782172679901,0.7312749028205872,-0.12492386996746063,0.3966858685016632,0.6437028050422668,-0.1511218547821045,0.30956846475601196,0.5840795636177063,-0.17867688834667206,0.4996221661567688,0.5172485113143921,-0.10221316665410995,0.5847564339637756,0.35134077072143555,-0.1472642719745636,0.6348674297332764,0.2426868975162506,-0.1809500902891159,0.6749531626701355,0.14331349730491638,-0.20499058067798615,0.42404595017433167,0.4941558837890625,-0.09422565996646881,0.4565076231956482,0.28596991300582886,-0.13373292982578278,0.4779781699180603,0.15548276901245117,-0.16674606502056122,0.4930855333805084,0.03801867365837097,-0.18917316198349,0.35677868127822876,0.5185277462005615,-0.09172021597623825,0.3275710940361023,0.33602142333984375,-0.14865867793560028,0.32400140166282654,0.21401599049568176,-0.18866278231143951,0.32328617572784424,0.10183238983154297,-0.214211568236351,0.2960326671600342,0.580949604511261,-0.09392669051885605,0.2863723337650299,0.47086212038993835,-0.1526588797569275,0.3100947141647339,0.5345177054405212,-0.16186095774173737,0.33262619376182556,0.6063833236694336,-0.16318677365779877
yes,0.4077189862728119,0.9004150032997131,1.5917581777102896e-06,0.47320252656936646,0.8468828201293945,-0.08754144608974457,0.48912492394447327,0.7334294319152832,-0.12844893336296082,0.39798498153686523,0.6465138792991638,-0.15430131554603577,0.3120884299278259,0.5846608877182007,-0.18115249276161194,0.49944180250167847,0.5165807008743286,-0.1063544973731041,0.5854307413101196,0.35111135244369507,-0.15183019638061523,0.6355744004249573,0.2430850863456726,-0.18563789129257202,0.6763682961463928,0.14383628964424133,-0.20978207886219025,0.424144983291626,0.4940184950828552,-0.0969972312450409,0.45770183205604553,0.28707486391067505,-0.1373387575149536,0.4794299006462097,0.15818288922309875,-0.1714494377374649,0.4953257441520691,0.040912777185440063,-0.1948717087507248,0.3563799262046814,0.5187029242515564,-0.09331898391246796,0.3263435661792755,0.3365197479724884,-0.15105247497558594,0.32337674498558044,0.2136571705341339,-0.1929129660129547,0.32305997610092163,0.10043251514434814,-0.21968384087085724,0.29571497440338135,0.5829116106033325,-0.09448008239269257,0.288297176361084,0.4696490168571472,-0.1519954949617386,0.3146139085292816,0.5289387106895447,-0.16153714060783386,0.3374859690666199,0.5998141169548035,-0.1636267751455307
yes,0.41149842739105225,0.9027904868125916,1.5901090364422998e-06,0.47741663455963135,0.8475009799003601,-0.08539962023496628,0.49180686473846436,0.7278053760528564,-0.12420062720775604,0.39906707406044006,0.6429339051246643,-0.14805595576763153,0.31243187189102173,0.5857943892478943,-0.17276349663734436,0.5008049011230469,0.5145282745361328,-0.10195000469684601,0.5856606960296631,0.3489842414855957,-0.14592957496643066,0.6355271935462952,0.24118715524673462,-0.1780008226633072,0.6760987043380737,0.143478125333786,-0.20080643892288208,0.4252333343029022,0.4910981357097626,-0.09283151477575302,0.45807668566703796,0.2848648726940155,-0.13215188682079315,0.48090997338294983,0.1568877398967743,-0.16396763920783997,0.49832212924957275,0.0415651798248291,-0.18512952327728271,0.35737302899360657,0.5148283839225769,-0.0894847959280014,0.32727330923080444,0.3339841365814209,-0.14667636156082153,0.3248318135738373,0.21292206645011902,-0.18698285520076752,0.3254167139530182,0.10121938586235046,-0.21232743561267853,0.2966792583465576,0.5777448415756226,-0.0908728688955307,0.2889000177383423,0.4721429944038391,-0.1487634927034378,0.313144326210022,0.5378341674804688,-0.15786312520503998,0.3344208598136902,0.6105658411979675,-0.15918031334877014
yes,0.4109407067298889,0.9004011154174805,1.5660870076317224e-06,0.47522422671318054,0.8413059711456299,-0.08274933695793152,0.48851656913757324,0.7264606356620789,-0.1194879412651062,0.3964347243309021,0.6374838948249817,-0.14148519933223724,0.3116113543510437,0.5778728723526001,-0.1636565923690796,0.49679285287857056,0.5134921073913574,-0.09882514178752899,0.5847585201263428,0.34693384170532227,-0.1424957662820816,0.634526252746582,0.23862224817276,-0.17462067306041718,0.6741801500320435,0.14046719670295715,-0.196987122297287,0.4225049614906311,0.48986586928367615,-0.09074162691831589,0.4560059905052185,0.280010461807251,-0.13085317611694336,0.4785108268260956,0.14898651838302612,-0.1626751720905304,0.4934333860874176,0.030535757541656494,-0.18313990533351898,0.3556998074054718,0.5138160586357117,-0.08811593800783157,0.32707923650741577,0.3335007429122925,-0.14424024522304535,0.3246975541114807,0.21336683630943298,-0.18107110261917114,0.3227757513523102,0.1006026566028595,-0.20289598405361176,0.2953540086746216,0.5800243616104126,-0.0902298167347908,0.28651899099349976,0.4621773958206177,-0.14216475188732147,0.3095153570175171,0.5202663540840149,-0.14543244242668152,0.329769492149353,0.591819167137146,-0.14263442158699036
yes,0.409288227558136,0.8928686380386353,1.5576974874420557e-06,0.47491711378097534,0.8364261388778687,-0.08266984671354294,0.49073389172554016,0.7230561375617981,-0.11984410136938095,0.399644136428833,0.6335495710372925,-0.14236487448215485,0.31532371044158936,0.5730619430541992,-0.16507646441459656,0.4999070465564728,0.5080140829086304,-0.09892041981220245,0.5856837630271912,0.3437228500843048,-0.14255547523498535,0.6355538368225098,0.23590496182441711,-0.17437608540058136,0.6758537292480469,0.13880863785743713,-0.19651620090007782,0.425233393907547,0.48458996415138245,-0.0909467488527298,0.4581981897354126,0.27569517493247986,-0.13041609525680542,0.4805021286010742,0.14664316177368164,-0.1615315079689026,0.4963364005088806,0.02967303991317749,-0.18152256309986115,0.35765567421913147,0.5089617967605591,-0.08849837630987167,0.32768797874450684,0.32923880219459534,-0.14468559622764587,0.3258354067802429,0.207525372505188,-0.18229863047599792,0.3251034617424011,0.09453427791595459,-0.20472948253154755,0.297052264213562,0.5754366517066956,-0.09070566296577454,0.2898012399673462,0.4605061113834381,-0.1437661200761795,0.31459325551986694,0.5189332962036133,-0.14849959313869476,0.33556392788887024,0.5897377729415894,-0.14656277000904083
yes,0.40542078018188477,0.8952177166938782,1.5766150909257703e-06,0.4723581373691559,0.8399662971496582,-0.08398385345935822,0.48794639110565186,0.7242180109024048,-0.12230782955884933,0.3955535590648651,0.632746696472168,-0.14593267440795898,0.3102262020111084,0.5712440013885498,-0.1697089672088623,0.49659624695777893,0.5114166140556335,-0.09995534271001816,0.5816363096237183,0.3459709882736206,-0.1450255811214447,0.6315610408782959,0.23699668049812317,-0.1779174953699112,0.671764075756073,0.1381930112838745,-0.20069853961467743,0.42109978199005127,0.4860265552997589,-0.09158072620630264,0.4544193148612976,0.2767200469970703,-0.13209670782089233,0.4773925244808197,0.14669856429100037,-0.16331735253334045,0.49352991580963135,0.02877923846244812,-0.18326020240783691,0.3534330725669861,0.508883535861969,-0.08891370892524719,0.3240969181060791,0.3287399411201477,-0.1451987326145172,0.3212650418281555,0.2070554792881012,-0.18143388628959656,0.3198503255844116,0.09408432245254517,-0.20290589332580566,0.29264092445373535,0.5725960731506348,-0.0911753848195076,0.28370988368988037,0.45668718218803406,-0.14362893998622894,0.30639055371284485,0.5133117437362671,-0.1473982036113739,0.32661566138267517,0.581929087638855,-0.14487135410308838
yes,0.40453341603279114,0.9140599966049194,1.5651347666789661e-06,0.46817609667778015,0.8571665287017822,-0.0849660113453865,0.4824077785015106,0.7396670579910278,-0.12420458346605301,0.3912937641143799,0.651244044303894,-0.14879268407821655,0.3031423091888428,0.5938320755958557,-0.17398203909397125,0.49122315645217896,0.5247613191604614,-0.10155927389860153,0.57713383436203,0.3564964532852173,-0.1460067480802536,0.6260929703712463,0.24767431616783142,-0.17897723615169525,0.6653127670288086,0.14859917759895325,-0.2022804468870163,0.415452778339386,0.5008910894393921,-0.09276054799556732,0.44661813974380493,0.29412078857421875,-0.133177250623703,0.4688180088996887,0.16472044587135315,-0.16562052071094513,0.48392850160598755,0.04816630482673645,-0.1869582235813141,0.3482101261615753,0.5247332453727722,-0.0895131304860115,0.3183061182498932,0.3439585566520691,-0.145315021276474,0.3144024908542633,0.22210943698883057,-0.18308742344379425,0.31175410747528076,0.10934945940971375,-0.20632755756378174,0.28818994760513306,0.5884667038917542,-0.09121524542570114,0.2786584198474884,0.4730352759361267,-0.14437851309776306,0.30051472783088684,0.5302156805992126,-0.14979194104671478,0.31998148560523987,0.5988034009933472,-0.14879433810710907
